timestamp,exchange_long,exchange_short,symbol,gross_spread_pct,price_long,price_short,funding_long,funding_short,funding_diff_pct,effective_spread_pct
2026-06-08T04:36:51.377884+00:00Z,gate,mexc,CLOUSDT,0.7014,0.19106,0.1924,0.0001,5e-05,-5e-05,0.7015
2026-06-08T04:36:51.377884+00:00Z,bybit,mexc,CLOUSDT,0.6592,0.19114,0.1924,5e-05,5e-05,0.0,0.6592
2026-06-08T04:39:15.620738+00:00Z,mexc,gate,OPNUSDT,0.5591,0.1073,0.1079,-1.3e-05,5e-05,6.3e-05,0.5591
2026-06-08T04:39:17.636043+00:00Z,mexc,bybit,OPNUSDT,0.6523,0.1073,0.108,-1.3e-05,5e-05,6.3e-05,0.6523
2026-06-08T04:39:17.636043+00:00Z,mexc,gate,OPNUSDT,0.6523,0.1073,0.108,-1.3e-05,5e-05,6.3e-05,0.6523
2026-06-08T04:39:19.659521+00:00Z,mexc,gate,OPNUSDT,0.6523,0.1073,0.108,-1.3e-05,5e-05,6.3e-05,0.6523
2026-06-08T04:39:21.675249+00:00Z,mexc,bybit,OPNUSDT,0.7455,0.1073,0.1081,-1.3e-05,5e-05,6.3e-05,0.7454
2026-06-08T04:39:21.675249+00:00Z,mexc,gate,OPNUSDT,0.6523,0.1073,0.108,-1.3e-05,5e-05,6.3e-05,0.6523
2026-06-08T04:39:23.696370+00:00Z,mexc,gate,OPNUSDT,0.7455,0.1073,0.1081,-1.3e-05,5e-05,6.3e-05,0.7454
2026-06-08T04:39:25.710843+00:00Z,mexc,gate,OPNUSDT,0.7455,0.1073,0.1081,-1.3e-05,5e-05,6.3e-05,0.7454
2026-06-08T04:39:27.713001+00:00Z,mexc,bybit,OPNUSDT,0.8387,0.1073,0.1082,-1.3e-05,5e-05,6.3e-05,0.8386
2026-06-08T04:39:27.713001+00:00Z,mexc,gate,OPNUSDT,0.7455,0.1073,0.1081,-1.3e-05,5e-05,6.3e-05,0.7454
2026-06-08T04:39:29.727974+00:00Z,mexc,bybit,OPNUSDT,0.6523,0.1073,0.108,-1.3e-05,5e-05,6.3e-05,0.6523
2026-06-08T04:39:29.727974+00:00Z,mexc,gate,OPNUSDT,0.6523,0.1073,0.108,-1.3e-05,5e-05,6.3e-05,0.6523
2026-06-08T04:39:31.753995+00:00Z,mexc,gate,OPNUSDT,0.7455,0.1073,0.1081,-1.3e-05,5e-05,6.3e-05,0.7454
2026-06-08T04:39:33.770621+00:00Z,mexc,gate,OPNUSDT,0.7455,0.1073,0.1081,-1.3e-05,5e-05,6.3e-05,0.7454
2026-06-08T04:39:35.773209+00:00Z,mexc,bybit,OPNUSDT,0.6523,0.1073,0.108,-1.3e-05,5e-05,6.3e-05,0.6523
2026-06-08T04:39:35.773209+00:00Z,mexc,gate,OPNUSDT,0.5591,0.1073,0.1079,-1.3e-05,5e-05,6.3e-05,0.5591
2026-06-08T04:39:37.794682+00:00Z,mexc,bybit,OPNUSDT,0.6523,0.1073,0.108,-1.3e-05,5e-05,6.3e-05,0.6523
2026-06-08T04:39:37.794682+00:00Z,mexc,gate,OPNUSDT,0.5591,0.1073,0.1079,-1.3e-05,5e-05,6.3e-05,0.5591
2026-06-08T04:43:44.164991+00:00Z,gate,bybit,ASTSUSDT,0.5483,93.7,94.21,0.003988,0.0,-0.003988,0.5523
2026-06-08T04:47:34.435248+00:00Z,mexc,bybit,CLOUSDT,0.5934,0.1837,0.18479,5e-05,5e-05,0.0,0.5934
2026-06-08T04:47:34.435248+00:00Z,mexc,gate,CLOUSDT,0.5334,0.1837,0.18468,5e-05,0.0001,5e-05,0.5334
2026-06-08T04:47:36.466897+00:00Z,mexc,bybit,CLOUSDT,0.5988,0.1837,0.1848,5e-05,5e-05,0.0,0.5988
2026-06-08T04:47:38.481862+00:00Z,mexc,bybit,CLOUSDT,0.6478,0.1837,0.18489,5e-05,5e-05,0.0,0.6478
2026-06-08T04:47:38.481862+00:00Z,mexc,gate,CLOUSDT,0.5389,0.1837,0.18469,5e-05,0.0001,5e-05,0.5388
2026-06-08T04:47:40.501838+00:00Z,mexc,bybit,CLOUSDT,0.773,0.1837,0.18512,5e-05,5e-05,0.0,0.773
2026-06-08T04:47:40.501838+00:00Z,mexc,gate,CLOUSDT,0.626,0.1837,0.18485,5e-05,0.0001,5e-05,0.6259
2026-06-08T04:47:42.636630+00:00Z,mexc,bybit,CLOUSDT,0.6913,0.1837,0.18497,5e-05,5e-05,0.0,0.6913
2026-06-08T04:47:42.636630+00:00Z,mexc,gate,CLOUSDT,0.6314,0.1837,0.18486,5e-05,0.0001,5e-05,0.6314
2026-06-08T04:47:44.662507+00:00Z,mexc,bybit,CLOUSDT,0.6315,0.1837,0.18486,5e-05,5e-05,0.0,0.6315
2026-06-08T04:51:04.883330+00:00Z,bybit,mexc,CLOUSDT,0.505,0.18417,0.1851,5e-05,5e-05,0.0,0.505
2026-06-08T04:54:15.228373+00:00Z,bybit,mexc,CLOUSDT,0.5083,0.18297,0.1839,5e-05,5e-05,0.0,0.5083
2026-06-08T04:54:17.246470+00:00Z,bybit,mexc,CLOUSDT,1.7034,0.18082,0.1839,5e-05,5e-05,0.0,1.7034
2026-06-08T04:54:17.246470+00:00Z,gate,mexc,CLOUSDT,1.6416,0.18093,0.1839,0.0001,5e-05,-5e-05,1.6416
2026-06-08T04:54:19.269499+00:00Z,gate,mexc,CLOUSDT,2.008,0.18028,0.1839,0.0001,5e-05,-5e-05,2.0081
2026-06-08T04:54:19.269499+00:00Z,bybit,mexc,CLOUSDT,2.0023,0.18029,0.1839,5e-05,5e-05,0.0,2.0023
2026-06-08T04:54:21.287186+00:00Z,bybit,mexc,CLOUSDT,2.0533,0.1802,0.1839,5e-05,5e-05,0.0,2.0533
2026-06-08T04:54:21.287186+00:00Z,gate,mexc,CLOUSDT,2.025,0.18025,0.1839,0.0001,5e-05,-5e-05,2.0251
2026-06-08T04:54:23.312979+00:00Z,gate,mexc,CLOUSDT,1.7822,0.18068,0.1839,0.0001,5e-05,-5e-05,1.7823
2026-06-08T04:54:23.312979+00:00Z,bybit,mexc,CLOUSDT,1.7484,0.18074,0.1839,5e-05,5e-05,0.0,1.7484
2026-06-08T04:54:25.332615+00:00Z,bybit,mexc,CLOUSDT,2.1553,0.18002,0.1839,5e-05,5e-05,0.0,2.1553
2026-06-08T04:54:25.332615+00:00Z,gate,mexc,CLOUSDT,2.0703,0.18017,0.1839,0.0001,5e-05,-5e-05,2.0704
2026-06-08T04:54:27.336915+00:00Z,gate,mexc,CLOUSDT,1.9402,0.1804,0.1839,0.0001,5e-05,-5e-05,1.9402
2026-06-08T04:54:27.336915+00:00Z,bybit,mexc,CLOUSDT,1.3614,0.18143,0.1839,5e-05,5e-05,0.0,1.3614
2026-06-08T04:54:29.357178+00:00Z,bybit,mexc,CLOUSDT,1.4453,0.18128,0.1839,5e-05,5e-05,0.0,1.4453
2026-06-08T04:54:29.357178+00:00Z,gate,mexc,CLOUSDT,1.2666,0.1816,0.1839,0.0001,5e-05,-5e-05,1.2666
2026-06-08T04:54:31.360557+00:00Z,bybit,mexc,CLOUSDT,1.3558,0.18144,0.1839,5e-05,5e-05,0.0,1.3558
2026-06-08T04:54:31.360557+00:00Z,gate,mexc,CLOUSDT,1.2889,0.18156,0.1839,0.0001,5e-05,-5e-05,1.2889
2026-06-08T04:54:33.378573+00:00Z,bybit,mexc,CLOUSDT,1.4565,0.18126,0.1839,5e-05,5e-05,0.0,1.4565
2026-06-08T04:54:33.378573+00:00Z,gate,mexc,CLOUSDT,1.4006,0.18136,0.1839,0.0001,5e-05,-5e-05,1.4006
2026-06-08T04:54:35.383654+00:00Z,bybit,mexc,CLOUSDT,1.4229,0.18132,0.1839,5e-05,5e-05,0.0,1.4229
2026-06-08T04:54:35.383654+00:00Z,gate,mexc,CLOUSDT,1.4006,0.18136,0.1839,0.0001,5e-05,-5e-05,1.4006
2026-06-08T04:54:37.387113+00:00Z,bybit,mexc,CLOUSDT,1.7709,0.1807,0.1839,5e-05,5e-05,0.0,1.7709
2026-06-08T04:54:37.387113+00:00Z,gate,mexc,CLOUSDT,1.6753,0.18087,0.1839,0.0001,5e-05,-5e-05,1.6753
2026-06-08T04:54:39.390921+00:00Z,bybit,mexc,CLOUSDT,1.6809,0.18086,0.1839,5e-05,5e-05,0.0,1.6809
2026-06-08T04:54:39.390921+00:00Z,gate,mexc,CLOUSDT,1.6528,0.18091,0.1839,0.0001,5e-05,-5e-05,1.6529
2026-06-08T04:54:41.413256+00:00Z,gate,mexc,CLOUSDT,1.395,0.18137,0.1839,0.0001,5e-05,-5e-05,1.395
2026-06-08T04:54:41.413256+00:00Z,bybit,mexc,CLOUSDT,1.3446,0.18146,0.1839,5e-05,5e-05,0.0,1.3446
2026-06-08T04:54:43.440664+00:00Z,bybit,mexc,CLOUSDT,1.6303,0.18095,0.1839,5e-05,5e-05,0.0,1.6303
2026-06-08T04:54:43.440664+00:00Z,gate,mexc,CLOUSDT,1.5966,0.18101,0.1839,0.0001,5e-05,-5e-05,1.5967
2026-06-08T04:54:45.446627+00:00Z,gate,mexc,CLOUSDT,1.5574,0.18108,0.1839,0.0001,5e-05,-5e-05,1.5574
2026-06-08T04:54:45.446627+00:00Z,bybit,mexc,CLOUSDT,1.2164,0.18169,0.1839,5e-05,5e-05,0.0,1.2164
2026-06-08T04:54:47.450390+00:00Z,bybit,mexc,CLOUSDT,1.754,0.18073,0.1839,5e-05,5e-05,0.0,1.754
2026-06-08T04:54:47.450390+00:00Z,gate,mexc,CLOUSDT,1.6472,0.18092,0.1839,0.0001,5e-05,-5e-05,1.6472
2026-06-08T04:54:49.467305+00:00Z,bybit,mexc,CLOUSDT,1.9458,0.18039,0.1839,5e-05,5e-05,0.0,1.9458
2026-06-08T04:54:49.467305+00:00Z,gate,mexc,CLOUSDT,1.8217,0.18061,0.1839,0.0001,5e-05,-5e-05,1.8217
2026-06-08T04:54:51.483570+00:00Z,bybit,mexc,CLOUSDT,1.7878,0.18067,0.1839,5e-05,5e-05,0.0,1.7878
2026-06-08T04:54:51.483570+00:00Z,gate,mexc,CLOUSDT,1.7428,0.18075,0.1839,0.0001,5e-05,-5e-05,1.7428
2026-06-08T04:54:53.500708+00:00Z,bybit,mexc,CLOUSDT,1.7709,0.1807,0.1839,5e-05,5e-05,0.0,1.7709
2026-06-08T04:54:53.500708+00:00Z,gate,mexc,CLOUSDT,1.7428,0.18075,0.1839,0.0001,5e-05,-5e-05,1.7428
2026-06-08T04:54:55.507243+00:00Z,bybit,mexc,CLOUSDT,1.754,0.18073,0.1839,5e-05,5e-05,0.0,1.754
2026-06-08T04:54:55.507243+00:00Z,gate,mexc,CLOUSDT,1.7259,0.18078,0.1839,0.0001,5e-05,-5e-05,1.726
2026-06-08T04:54:57.525684+00:00Z,bybit,mexc,CLOUSDT,1.8611,0.18054,0.1839,5e-05,5e-05,0.0,1.8611
2026-06-08T04:54:57.525684+00:00Z,gate,mexc,CLOUSDT,1.7766,0.18069,0.1839,0.0001,5e-05,-5e-05,1.7766
2026-06-08T04:54:59.541313+00:00Z,bybit,mexc,CLOUSDT,1.7034,0.18082,0.1839,5e-05,5e-05,0.0,1.7034
2026-06-08T04:54:59.541313+00:00Z,gate,mexc,CLOUSDT,1.6865,0.18085,0.1839,0.0001,5e-05,-5e-05,1.6866
2026-06-08T04:55:01.557818+00:00Z,gate,mexc,CLOUSDT,1.7766,0.18069,0.1839,0.0001,5e-05,-5e-05,1.7766
2026-06-08T04:55:01.557818+00:00Z,bybit,mexc,CLOUSDT,1.7315,0.18077,0.1839,5e-05,5e-05,0.0,1.7315
2026-06-08T04:55:03.586765+00:00Z,bybit,mexc,CLOUSDT,1.8667,0.18053,0.1839,5e-05,5e-05,0.0,1.8667
2026-06-08T04:55:03.586765+00:00Z,gate,mexc,CLOUSDT,1.816,0.18062,0.1839,0.0001,5e-05,-5e-05,1.8161
2026-06-08T04:55:05.590396+00:00Z,bybit,mexc,CLOUSDT,1.9967,0.1803,0.1839,5e-05,5e-05,0.0,1.9967
2026-06-08T04:55:05.590396+00:00Z,gate,mexc,CLOUSDT,1.8104,0.18063,0.1839,0.0001,5e-05,-5e-05,1.8104
2026-06-08T04:55:07.607402+00:00Z,bybit,mexc,CLOUSDT,2.0476,0.18021,0.1839,5e-05,5e-05,0.0,2.0476
2026-06-08T04:55:07.607402+00:00Z,gate,mexc,CLOUSDT,1.9345,0.18041,0.1839,0.0001,5e-05,-5e-05,1.9346
2026-06-08T04:55:09.624895+00:00Z,bybit,mexc,CLOUSDT,1.7146,0.1808,0.1839,5e-05,5e-05,0.0,1.7146
2026-06-08T04:55:09.624895+00:00Z,gate,mexc,CLOUSDT,1.6416,0.18093,0.1839,0.0001,5e-05,-5e-05,1.6416
2026-06-08T04:55:11.641107+00:00Z,gate,mexc,CLOUSDT,1.7653,0.18071,0.1839,0.0001,5e-05,-5e-05,1.7654
2026-06-08T04:55:11.641107+00:00Z,bybit,mexc,CLOUSDT,1.6696,0.18088,0.1839,5e-05,5e-05,0.0,1.6696
2026-06-08T04:55:13.650984+00:00Z,bybit,mexc,CLOUSDT,1.8103,0.18063,0.1839,5e-05,5e-05,0.0,1.8103
2026-06-08T04:55:13.650984+00:00Z,gate,mexc,CLOUSDT,1.7203,0.18079,0.1839,0.0001,5e-05,-5e-05,1.7203
2026-06-08T04:55:15.654094+00:00Z,gate,mexc,CLOUSDT,1.4845,0.18121,0.1839,0.0001,5e-05,-5e-05,1.4846
2026-06-08T04:55:15.654094+00:00Z,bybit,mexc,CLOUSDT,1.4509,0.18127,0.1839,5e-05,5e-05,0.0,1.4509
2026-06-08T04:55:17.660052+00:00Z,bybit,mexc,CLOUSDT,1.4901,0.1812,0.1839,5e-05,5e-05,0.0,1.4901
2026-06-08T04:55:17.660052+00:00Z,gate,mexc,CLOUSDT,1.4118,0.18134,0.1839,0.0001,5e-05,-5e-05,1.4118
2026-06-08T04:55:19.692205+00:00Z,bybit,mexc,CLOUSDT,1.5293,0.18113,0.1839,5e-05,5e-05,0.0,1.5293
2026-06-08T04:55:19.692205+00:00Z,gate,mexc,CLOUSDT,1.4733,0.18123,0.1839,0.0001,5e-05,-5e-05,1.4734
2026-06-08T04:55:21.695584+00:00Z,gate,mexc,CLOUSDT,1.3615,0.18143,0.1839,0.0001,5e-05,-5e-05,1.3615
2026-06-08T04:55:21.695584+00:00Z,bybit,mexc,CLOUSDT,1.3446,0.18146,0.1839,5e-05,5e-05,0.0,1.3446
2026-06-08T04:55:23.714306+00:00Z,gate,mexc,CLOUSDT,1.4453,0.18128,0.1839,0.0001,5e-05,-5e-05,1.4454
2026-06-08T04:55:23.714306+00:00Z,bybit,mexc,CLOUSDT,1.3949,0.18137,0.1839,5e-05,5e-05,0.0,1.3949
2026-06-08T04:56:51.807328+00:00Z,mexc,gate,CLOUSDT,0.5527,0.1809,0.1819,5e-05,0.0001,5e-05,0.5527
2026-06-08T04:57:25.850878+00:00Z,bybit,mexc,CLOUSDT,0.5109,0.18008,0.181,5e-05,5e-05,0.0,0.5109
2026-06-08T04:59:24.127488+00:00Z,gate,mexc,VVVUSDT,0.5337,16.118,16.204,5e-05,-5.4e-05,-0.000104,0.5338
2026-06-08T04:59:26.143895+00:00Z,gate,mexc,VELVETUSDT,0.5524,0.25884,0.26027,5e-05,0.000143,9.3e-05,0.5523
2026-06-08T04:59:26.143895+00:00Z,gate,mexc,VVVUSDT,0.5399,16.117,16.204,5e-05,-5.4e-05,-0.000104,0.54
2026-06-08T04:59:28.160834+00:00Z,gate,mexc,VELVETUSDT,0.5524,0.25884,0.26027,5e-05,0.000143,9.3e-05,0.5523
2026-06-08T04:59:28.160834+00:00Z,gate,mexc,VVVUSDT,0.5399,16.117,16.204,5e-05,-5.4e-05,-0.000104,0.54
2026-06-08T04:59:30.178838+00:00Z,gate,mexc,VELVETUSDT,0.5524,0.25884,0.26027,5e-05,0.000143,9.3e-05,0.5523
2026-06-08T04:59:30.178838+00:00Z,gate,mexc,VVVUSDT,0.5274,16.119,16.204,5e-05,-5.4e-05,-0.000104,0.5275
2026-06-08T04:59:32.198857+00:00Z,gate,mexc,VELVETUSDT,0.5524,0.25884,0.26027,5e-05,0.000143,9.3e-05,0.5523
2026-06-08T04:59:32.198857+00:00Z,gate,mexc,VVVUSDT,0.5461,16.116,16.204,5e-05,-5.4e-05,-0.000104,0.5462
2026-06-08T04:59:34.218524+00:00Z,gate,mexc,VELVETUSDT,0.5524,0.25884,0.26027,5e-05,0.000143,9.3e-05,0.5523
2026-06-08T04:59:34.218524+00:00Z,gate,mexc,VVVUSDT,0.5461,16.116,16.204,5e-05,-5.4e-05,-0.000104,0.5462
2026-06-08T04:59:36.224425+00:00Z,gate,mexc,VELVETUSDT,0.5563,0.25883,0.26027,5e-05,0.000143,9.3e-05,0.5562
2026-06-08T04:59:36.224425+00:00Z,gate,mexc,VVVUSDT,0.5461,16.116,16.204,5e-05,-5.4e-05,-0.000104,0.5462
2026-06-08T04:59:38.243469+00:00Z,gate,mexc,VELVETUSDT,0.5563,0.25883,0.26027,5e-05,0.000143,9.3e-05,0.5562
2026-06-08T04:59:38.243469+00:00Z,gate,mexc,VVVUSDT,0.5461,16.116,16.204,5e-05,-5.4e-05,-0.000104,0.5462
2026-06-08T04:59:40.260565+00:00Z,gate,mexc,VVVUSDT,0.5461,16.116,16.204,5e-05,-5.4e-05,-0.000104,0.5462
2026-06-08T05:03:38.650564+00:00Z,mexc,gate,BROCCOLIF3BUSDT,0.5703,0.005259,0.005289,0.000912,0.001102,0.00019,0.5701
2026-06-08T05:03:40.652744+00:00Z,mexc,gate,BROCCOLIF3BUSDT,0.7794,0.005259,0.0053,0.000912,0.001102,0.00019,0.7792
2026-06-08T05:03:42.668073+00:00Z,mexc,gate,BROCCOLIF3BUSDT,0.8555,0.005259,0.005304,0.000912,0.001102,0.00019,0.8553
2026-06-08T05:03:44.672640+00:00Z,mexc,gate,BROCCOLIF3BUSDT,0.8555,0.005259,0.005304,0.000912,0.001102,0.00019,0.8553
2026-06-08T05:03:46.687509+00:00Z,mexc,gate,BROCCOLIF3BUSDT,0.7414,0.005259,0.005298,0.000912,0.001102,0.00019,0.7412
2026-06-08T05:03:48.702430+00:00Z,mexc,gate,BROCCOLIF3BUSDT,0.7414,0.005259,0.005298,0.000912,0.001102,0.00019,0.7412
2026-06-08T05:03:50.719772+00:00Z,mexc,gate,BROCCOLIF3BUSDT,0.7414,0.005259,0.005298,0.000912,0.001102,0.00019,0.7412
2026-06-08T05:03:52.740129+00:00Z,mexc,gate,BROCCOLIF3BUSDT,0.8365,0.005259,0.005303,0.000912,0.001102,0.00019,0.8363
2026-06-08T05:03:54.755773+00:00Z,mexc,gate,BROCCOLIF3BUSDT,0.8365,0.005259,0.005303,0.000912,0.001102,0.00019,0.8363
2026-06-08T05:03:56.773804+00:00Z,mexc,gate,BROCCOLIF3BUSDT,0.7794,0.005259,0.0053,0.000912,0.001102,0.00019,0.7792
2026-06-08T05:03:58.788005+00:00Z,mexc,gate,BROCCOLIF3BUSDT,0.7794,0.005259,0.0053,0.000912,0.001102,0.00019,0.7792
2026-06-08T05:04:00.802361+00:00Z,mexc,gate,BROCCOLIF3BUSDT,0.7794,0.005259,0.0053,0.000912,0.001102,0.00019,0.7792
2026-06-08T05:04:02.805333+00:00Z,mexc,gate,BROCCOLIF3BUSDT,0.7794,0.005259,0.0053,0.000912,0.001102,0.00019,0.7792
2026-06-08T05:04:04.819717+00:00Z,mexc,gate,BROCCOLIF3BUSDT,0.7984,0.005259,0.005301,0.000912,0.001102,0.00019,0.7983
2026-06-08T05:04:06.834478+00:00Z,mexc,gate,BROCCOLIF3BUSDT,0.7984,0.005259,0.005301,0.000912,0.001102,0.00019,0.7983
2026-06-08T05:04:08.849472+00:00Z,mexc,gate,BROCCOLIF3BUSDT,0.6463,0.005259,0.005293,0.000912,0.001102,0.00019,0.6461
2026-06-08T05:04:10.864881+00:00Z,mexc,gate,BROCCOLIF3BUSDT,0.6463,0.005259,0.005293,0.000912,0.001102,0.00019,0.6461
2026-06-08T05:04:12.869492+00:00Z,mexc,gate,BROCCOLIF3BUSDT,0.6463,0.005259,0.005293,0.000912,0.001102,0.00019,0.6461
2026-06-08T05:04:14.884289+00:00Z,mexc,gate,BROCCOLIF3BUSDT,0.6463,0.005259,0.005293,0.000912,0.001102,0.00019,0.6461
2026-06-08T05:04:16.888618+00:00Z,mexc,gate,BROCCOLIF3BUSDT,0.6463,0.005259,0.005293,0.000912,0.001102,0.00019,0.6461
2026-06-08T05:04:16.888618+00:00Z,gate,mexc,AIAUSDT,0.5643,0.05494,0.05525,5e-05,5e-05,0.0,0.5643
2026-06-08T05:04:18.892040+00:00Z,mexc,gate,BROCCOLIF3BUSDT,0.6463,0.005259,0.005293,0.000912,0.001102,0.00019,0.6461
2026-06-08T05:04:18.892040+00:00Z,gate,mexc,AIAUSDT,0.5094,0.05497,0.05525,5e-05,5e-05,0.0,0.5094
2026-06-08T05:04:20.925410+00:00Z,mexc,gate,BROCCOLIF3BUSDT,0.7034,0.005259,0.005296,0.000912,0.001102,0.00019,0.7032
2026-06-08T05:04:20.925410+00:00Z,gate,mexc,AIAUSDT,0.5094,0.05497,0.05525,5e-05,5e-05,0.0,0.5094
2026-06-08T05:04:22.943912+00:00Z,mexc,gate,BROCCOLIF3BUSDT,0.6273,0.005259,0.005292,0.000912,0.001102,0.00019,0.6271
2026-06-08T05:04:22.943912+00:00Z,gate,mexc,AIAUSDT,0.546,0.05495,0.05525,5e-05,5e-05,0.0,0.546
2026-06-08T05:04:24.964128+00:00Z,mexc,gate,BROCCOLIF3BUSDT,0.7604,0.005259,0.005299,0.000912,0.001093,0.000181,0.7602
2026-06-08T05:04:24.964128+00:00Z,gate,mexc,AIAUSDT,0.546,0.05495,0.05525,5e-05,5e-05,0.0,0.546
2026-06-08T05:04:26.968110+00:00Z,mexc,gate,BROCCOLIF3BUSDT,0.7034,0.005259,0.005296,0.000912,0.001093,0.000181,0.7032
2026-06-08T05:04:26.968110+00:00Z,gate,mexc,AIAUSDT,0.546,0.05495,0.05525,5e-05,5e-05,0.0,0.546
2026-06-08T05:04:28.987958+00:00Z,mexc,gate,BROCCOLIF3BUSDT,0.7414,0.005259,0.005298,0.000912,0.001093,0.000181,0.7412
2026-06-08T05:04:28.987958+00:00Z,gate,mexc,AIAUSDT,0.546,0.05495,0.05525,5e-05,5e-05,0.0,0.546
2026-06-08T05:04:30.999453+00:00Z,mexc,gate,BROCCOLIF3BUSDT,0.7984,0.005259,0.005301,0.000912,0.001093,0.000181,0.7983
2026-06-08T05:04:30.999453+00:00Z,gate,mexc,AIAUSDT,0.6192,0.05491,0.05525,5e-05,5e-05,0.0,0.6192
2026-06-08T05:04:33.014451+00:00Z,mexc,gate,BROCCOLIF3BUSDT,0.7414,0.005259,0.005298,0.000912,0.001093,0.000181,0.7412
2026-06-08T05:04:33.014451+00:00Z,gate,mexc,AIAUSDT,0.6375,0.0549,0.05525,5e-05,5e-05,0.0,0.6375
2026-06-08T05:04:35.044591+00:00Z,gate,mexc,AIAUSDT,0.6742,0.05488,0.05525,5e-05,5e-05,0.0,0.6742
2026-06-08T05:04:35.044591+00:00Z,mexc,gate,BROCCOLIF3BUSDT,0.6653,0.005259,0.005294,0.000912,0.001093,0.000181,0.6652
2026-06-08T05:04:37.059813+00:00Z,gate,mexc,AIAUSDT,0.766,0.05483,0.05525,5e-05,5e-05,0.0,0.766
2026-06-08T05:04:37.059813+00:00Z,mexc,gate,BROCCOLIF3BUSDT,0.6653,0.005259,0.005294,0.000912,0.001093,0.000181,0.6652
2026-06-08T05:04:39.088360+00:00Z,mexc,gate,BROCCOLIF3BUSDT,0.7794,0.005259,0.0053,0.000912,0.001093,0.000181,0.7793
2026-06-08T05:04:39.088360+00:00Z,gate,mexc,AIAUSDT,0.7293,0.05485,0.05525,5e-05,5e-05,0.0,0.7293
2026-06-08T05:04:41.104972+00:00Z,mexc,gate,BROCCOLIF3BUSDT,0.8175,0.005259,0.005302,0.000912,0.001093,0.000181,0.8173
2026-06-08T05:04:41.104972+00:00Z,gate,mexc,AIAUSDT,0.766,0.05483,0.05525,5e-05,5e-05,0.0,0.766
2026-06-08T05:04:43.122379+00:00Z,mexc,gate,BROCCOLIF3BUSDT,0.8175,0.005259,0.005302,0.000912,0.001093,0.000181,0.8173
2026-06-08T05:04:43.122379+00:00Z,gate,mexc,AIAUSDT,0.7293,0.05485,0.05525,5e-05,5e-05,0.0,0.7293
2026-06-08T05:04:45.137966+00:00Z,gate,mexc,AIAUSDT,0.7293,0.05485,0.05525,5e-05,5e-05,0.0,0.7293
2026-06-08T05:04:45.137966+00:00Z,mexc,gate,BROCCOLIF3BUSDT,0.6463,0.005259,0.005293,0.000912,0.001093,0.000181,0.6461
2026-06-08T05:04:47.149116+00:00Z,mexc,gate,BROCCOLIF3BUSDT,0.7414,0.005259,0.005298,0.000912,0.001093,0.000181,0.7412
2026-06-08T05:04:47.149116+00:00Z,gate,mexc,AIAUSDT,0.7293,0.05485,0.05525,5e-05,5e-05,0.0,0.7293
2026-06-08T05:04:49.165012+00:00Z,mexc,gate,BROCCOLIF3BUSDT,0.7414,0.005259,0.005298,0.000912,0.001093,0.000181,0.7412
2026-06-08T05:04:49.165012+00:00Z,gate,mexc,AIAUSDT,0.7109,0.05486,0.05525,5e-05,5e-05,0.0,0.7109
2026-06-08T05:04:51.181670+00:00Z,mexc,gate,BROCCOLIF3BUSDT,0.7984,0.005259,0.005301,0.000912,0.001093,0.000181,0.7983
2026-06-08T05:04:51.181670+00:00Z,gate,mexc,AIAUSDT,0.7293,0.05485,0.05525,5e-05,5e-05,0.0,0.7293
2026-06-08T05:04:53.198526+00:00Z,mexc,gate,BROCCOLIF3BUSDT,0.7984,0.005259,0.005301,0.000912,0.001093,0.000181,0.7983
2026-06-08T05:04:53.198526+00:00Z,gate,mexc,AIAUSDT,0.7293,0.05485,0.05525,5e-05,5e-05,0.0,0.7293
2026-06-08T05:04:55.555369+00:00Z,mexc,gate,BROCCOLIF3BUSDT,0.7984,0.005259,0.005301,0.000912,0.001093,0.000181,0.7983
2026-06-08T05:04:55.555369+00:00Z,gate,mexc,AIAUSDT,0.7844,0.05482,0.05525,5e-05,5e-05,0.0,0.7844
2026-06-08T05:04:57.561041+00:00Z,mexc,gate,BROCCOLIF3BUSDT,0.7984,0.005259,0.005301,0.000912,0.001093,0.000181,0.7983
2026-06-08T05:04:57.561041+00:00Z,gate,mexc,AIAUSDT,0.7844,0.05482,0.05525,5e-05,5e-05,0.0,0.7844
2026-06-08T05:04:59.565347+00:00Z,gate,mexc,AIAUSDT,0.858,0.05478,0.05525,5e-05,5e-05,0.0,0.858
2026-06-08T05:04:59.565347+00:00Z,mexc,gate,BROCCOLIF3BUSDT,0.7984,0.005259,0.005301,0.000912,0.001093,0.000181,0.7983
2026-06-08T05:05:01.581433+00:00Z,gate,mexc,AIAUSDT,1.024,0.05469,0.05525,5e-05,5e-05,0.0,1.024
2026-06-08T05:05:01.581433+00:00Z,mexc,gate,BROCCOLIF3BUSDT,0.7414,0.005259,0.005298,0.000912,0.001093,0.000181,0.7412
2026-06-08T05:05:03.599888+00:00Z,gate,mexc,AIAUSDT,0.9686,0.05472,0.05525,5e-05,5e-05,0.0,0.9686
2026-06-08T05:05:03.599888+00:00Z,mexc,gate,BROCCOLIF3BUSDT,0.7414,0.005259,0.005298,0.000912,0.001093,0.000181,0.7412
2026-06-08T05:05:05.615492+00:00Z,gate,mexc,AIAUSDT,0.9317,0.05474,0.05525,5e-05,5e-05,0.0,0.9317
2026-06-08T05:05:05.615492+00:00Z,mexc,gate,BROCCOLIF3BUSDT,0.7414,0.005259,0.005298,0.000912,0.001093,0.000181,0.7412
2026-06-08T05:05:07.640144+00:00Z,gate,mexc,AIAUSDT,0.9317,0.05474,0.05525,5e-05,5e-05,0.0,0.9317
2026-06-08T05:05:07.640144+00:00Z,mexc,gate,BROCCOLIF3BUSDT,0.7984,0.005259,0.005301,0.000912,0.001093,0.000181,0.7983
2026-06-08T05:05:09.671093+00:00Z,gate,mexc,AIAUSDT,0.8948,0.05476,0.05525,5e-05,5e-05,0.0,0.8948
2026-06-08T05:05:09.671093+00:00Z,mexc,gate,BROCCOLIF3BUSDT,0.7984,0.005259,0.005301,0.000912,0.001093,0.000181,0.7983
2026-06-08T05:05:11.679495+00:00Z,gate,mexc,AIAUSDT,0.9501,0.05473,0.05525,5e-05,5e-05,0.0,0.9501
2026-06-08T05:05:11.679495+00:00Z,mexc,gate,BROCCOLIF3BUSDT,0.7984,0.005259,0.005301,0.000912,0.001093,0.000181,0.7983
2026-06-08T05:05:13.683639+00:00Z,gate,mexc,AIAUSDT,0.9317,0.05474,0.05525,5e-05,5e-05,0.0,0.9317
2026-06-08T05:05:13.683639+00:00Z,mexc,gate,BROCCOLIF3BUSDT,0.7984,0.005259,0.005301,0.000912,0.001093,0.000181,0.7983
2026-06-08T05:05:15.700558+00:00Z,gate,mexc,AIAUSDT,0.9317,0.05474,0.05525,5e-05,5e-05,0.0,0.9317
2026-06-08T05:05:15.700558+00:00Z,mexc,gate,BROCCOLIF3BUSDT,0.7984,0.005259,0.005301,0.000912,0.001093,0.000181,0.7983
2026-06-08T05:05:17.717380+00:00Z,gate,mexc,AIAUSDT,0.9317,0.05474,0.05525,5e-05,5e-05,0.0,0.9317
2026-06-08T05:05:17.717380+00:00Z,mexc,gate,BROCCOLIF3BUSDT,0.7984,0.005259,0.005301,0.000912,0.001093,0.000181,0.7983
2026-06-08T05:05:19.735421+00:00Z,gate,mexc,AIAUSDT,0.9317,0.05474,0.05525,5e-05,5e-05,0.0,0.9317
2026-06-08T05:05:19.735421+00:00Z,mexc,gate,BROCCOLIF3BUSDT,0.7984,0.005259,0.005301,0.000912,0.001093,0.000181,0.7983
2026-06-08T05:05:21.753920+00:00Z,gate,mexc,AIAUSDT,0.9317,0.05474,0.05525,5e-05,5e-05,0.0,0.9317
2026-06-08T05:05:21.753920+00:00Z,mexc,gate,BROCCOLIF3BUSDT,0.7984,0.005259,0.005301,0.000912,0.001093,0.000181,0.7983
2026-06-08T05:05:23.770145+00:00Z,gate,mexc,AIAUSDT,0.9501,0.05473,0.05525,5e-05,5e-05,0.0,0.9501
2026-06-08T05:05:23.770145+00:00Z,mexc,gate,CLOUSDT,0.8422,0.1876,0.18918,5e-05,0.0001,5e-05,0.8421
2026-06-08T05:05:23.770145+00:00Z,mexc,bybit,CLOUSDT,0.8046,0.1876,0.18911,5e-05,0.000332,0.000282,0.8043
2026-06-08T05:05:23.770145+00:00Z,mexc,gate,BROCCOLIF3BUSDT,0.7984,0.005259,0.005301,0.000912,0.001093,0.000181,0.7983
2026-06-08T05:05:25.787688+00:00Z,gate,mexc,AIAUSDT,0.9501,0.05473,0.05525,5e-05,5e-05,0.0,0.9501
2026-06-08T05:05:25.787688+00:00Z,mexc,gate,BROCCOLIF3BUSDT,0.7985,0.005259,0.005301,0.000912,0.001086,0.000174,0.7983
2026-06-08T05:05:25.787688+00:00Z,mexc,gate,CLOUSDT,0.6183,0.1876,0.18876,5e-05,0.0001,5e-05,0.6182
2026-06-08T05:05:27.804272+00:00Z,gate,mexc,AIAUSDT,0.9686,0.05472,0.05525,5e-05,5e-05,0.0,0.9686
2026-06-08T05:05:27.804272+00:00Z,mexc,bybit,CLOUSDT,0.9059,0.1876,0.1893,5e-05,0.000332,0.000282,0.9056
2026-06-08T05:05:27.804272+00:00Z,mexc,gate,CLOUSDT,0.8955,0.1876,0.18928,5e-05,0.0001,5e-05,0.8954
2026-06-08T05:05:27.804272+00:00Z,mexc,gate,BROCCOLIF3BUSDT,0.7985,0.005259,0.005301,0.000912,0.001086,0.000174,0.7983
2026-06-08T05:05:29.808406+00:00Z,gate,mexc,AIAUSDT,0.9317,0.05474,0.05525,5e-05,5e-05,0.0,0.9317
2026-06-08T05:05:29.808406+00:00Z,mexc,gate,BROCCOLIF3BUSDT,0.7985,0.005259,0.005301,0.000912,0.001086,0.000174,0.7983
2026-06-08T05:05:29.808406+00:00Z,mexc,bybit,CLOUSDT,0.73,0.1876,0.18897,5e-05,0.000332,0.000282,0.7297
2026-06-08T05:05:29.808406+00:00Z,mexc,gate,CLOUSDT,0.6503,0.1876,0.18882,5e-05,0.0001,5e-05,0.6502
2026-06-08T05:05:43.884336+00:00Z,bybit,gate,CLOUSDT,0.788,0.18534,0.1868,0.000332,0.0001,-0.000232,0.7882
2026-06-08T05:06:47.974204+00:00Z,mexc,bybit,CLOUSDT,0.5416,0.1827,0.18369,5e-05,0.000301,0.000251,0.5414
2026-06-08T05:06:49.989697+00:00Z,mexc,bybit,CLOUSDT,0.6292,0.1827,0.18385,5e-05,0.000301,0.000251,0.6289
2026-06-08T05:06:49.989697+00:00Z,mexc,gate,CLOUSDT,0.5418,0.1827,0.18369,5e-05,0.0001,5e-05,0.5418
2026-06-08T05:06:52.015357+00:00Z,mexc,gate,CLOUSDT,0.5692,0.1827,0.18374,5e-05,0.0001,5e-05,0.5691
2026-06-08T05:06:54.029985+00:00Z,mexc,gate,CLOUSDT,0.5692,0.1827,0.18374,5e-05,0.0001,5e-05,0.5691
2026-06-08T05:06:54.029985+00:00Z,mexc,bybit,CLOUSDT,0.5361,0.1827,0.18368,5e-05,0.000301,0.000251,0.5359
2026-06-08T05:06:56.046266+00:00Z,mexc,bybit,CLOUSDT,0.6237,0.1827,0.18384,5e-05,0.000301,0.000251,0.6235
2026-06-08T05:06:56.046266+00:00Z,mexc,gate,CLOUSDT,0.5637,0.1827,0.18373,5e-05,0.0001,5e-05,0.5637
2026-06-08T05:07:02.069930+00:00Z,mexc,gate,CLOUSDT,0.821,0.1827,0.1842,5e-05,0.0001,5e-05,0.8209
2026-06-08T05:07:02.069930+00:00Z,mexc,bybit,CLOUSDT,0.8153,0.1827,0.18419,5e-05,0.000277,0.000227,0.8151
2026-06-08T05:07:04.088872+00:00Z,mexc,bybit,CLOUSDT,0.9686,0.1827,0.18447,5e-05,0.000277,0.000227,0.9683
2026-06-08T05:07:04.088872+00:00Z,mexc,gate,CLOUSDT,0.925,0.1827,0.18439,5e-05,0.0001,5e-05,0.9249
2026-06-08T05:10:46.507796+00:00Z,gate,mexc,CLOUSDT,0.5159,0.18027,0.1812,0.0001,5e-05,-5e-05,0.516
2026-06-08T05:10:48.524164+00:00Z,gate,mexc,CLOUSDT,0.5159,0.18027,0.1812,0.0001,5e-05,-5e-05,0.516
2026-06-08T05:10:50.539319+00:00Z,bybit,mexc,CLOUSDT,0.5272,0.18025,0.1812,0.000155,5e-05,-0.000105,0.5273
2026-06-08T05:10:50.539319+00:00Z,gate,mexc,CLOUSDT,0.5271,0.18025,0.1812,0.0001,5e-05,-5e-05,0.5271
2026-06-08T05:10:52.556442+00:00Z,bybit,mexc,CLOUSDT,0.5662,0.18018,0.1812,0.000155,5e-05,-0.000105,0.5663
2026-06-08T05:10:52.556442+00:00Z,gate,mexc,CLOUSDT,0.5159,0.18027,0.1812,0.0001,5e-05,-5e-05,0.516
2026-06-08T05:10:54.572194+00:00Z,gate,mexc,CLOUSDT,0.5159,0.18027,0.1812,0.0001,5e-05,-5e-05,0.516
2026-06-08T05:10:56.590067+00:00Z,bybit,mexc,CLOUSDT,0.9641,0.17947,0.1812,0.000155,5e-05,-0.000105,0.9642
2026-06-08T05:10:56.590067+00:00Z,gate,mexc,CLOUSDT,0.9022,0.17958,0.1812,0.0001,5e-05,-5e-05,0.9022
2026-06-08T05:10:58.617293+00:00Z,gate,mexc,CLOUSDT,0.7731,0.17981,0.1812,0.0001,5e-05,-5e-05,0.7731
2026-06-08T05:10:58.617293+00:00Z,bybit,mexc,CLOUSDT,0.6668,0.18,0.1812,0.000155,5e-05,-0.000105,0.6669
2026-06-08T05:11:00.634501+00:00Z,gate,mexc,CLOUSDT,0.8404,0.17969,0.1812,0.0001,5e-05,-5e-05,0.8404
2026-06-08T05:11:00.634501+00:00Z,bybit,mexc,CLOUSDT,0.818,0.17973,0.1812,0.000155,5e-05,-0.000105,0.8181
2026-06-08T05:11:02.656369+00:00Z,gate,mexc,CLOUSDT,0.8011,0.17976,0.1812,0.0001,5e-05,-5e-05,0.8012
2026-06-08T05:11:02.656369+00:00Z,bybit,mexc,CLOUSDT,0.7507,0.17985,0.1812,0.000106,5e-05,-5.6e-05,0.7507
2026-06-08T05:11:04.680856+00:00Z,gate,mexc,CLOUSDT,0.8067,0.17975,0.1812,0.0001,5e-05,-5e-05,0.8068
2026-06-08T05:11:04.680856+00:00Z,bybit,mexc,CLOUSDT,0.5606,0.18019,0.1812,0.000106,5e-05,-5.6e-05,0.5606
2026-06-08T05:11:06.696390+00:00Z,gate,mexc,CLOUSDT,0.7731,0.17981,0.1812,0.0001,5e-05,-5e-05,0.7731
2026-06-08T05:11:06.696390+00:00Z,bybit,mexc,CLOUSDT,0.5997,0.18012,0.1812,0.000106,5e-05,-5.6e-05,0.5997
2026-06-08T05:11:08.700205+00:00Z,gate,mexc,CLOUSDT,0.8179,0.17973,0.1812,0.0001,5e-05,-5e-05,0.818
2026-06-08T05:11:08.700205+00:00Z,bybit,mexc,CLOUSDT,0.6723,0.17999,0.1812,0.000106,5e-05,-5.6e-05,0.6724
2026-06-08T05:11:10.703483+00:00Z,gate,mexc,CLOUSDT,0.6891,0.17996,0.1812,0.0001,5e-05,-5e-05,0.6891
2026-06-08T05:11:10.703483+00:00Z,bybit,mexc,CLOUSDT,0.6052,0.18011,0.1812,0.000106,5e-05,-5.6e-05,0.6053
2026-06-08T05:11:12.719798+00:00Z,gate,mexc,CLOUSDT,0.6388,0.18005,0.1812,0.0001,5e-05,-5e-05,0.6388
2026-06-08T05:11:12.719798+00:00Z,bybit,mexc,CLOUSDT,0.5885,0.18014,0.1812,0.000106,5e-05,-5.6e-05,0.5885
2026-06-08T05:14:19.058959+00:00Z,gate,bybit,ASTSUSDT,0.5185,93.28,93.76,0.003921,0.0,-0.003921,0.5224
2026-06-08T05:14:25.079826+00:00Z,gate,bybit,ASTSUSDT,0.5184,93.29,93.77,0.003923,0.0,-0.003923,0.5224
2026-06-08T05:14:27.083659+00:00Z,gate,bybit,ASTSUSDT,0.5077,93.3,93.77,0.003923,0.0,-0.003923,0.5116
2026-06-08T05:14:29.098539+00:00Z,gate,bybit,ASTSUSDT,0.5077,93.3,93.77,0.003923,0.0,-0.003923,0.5116
2026-06-08T05:14:31.101146+00:00Z,gate,bybit,ASTSUSDT,0.5077,93.3,93.77,0.003923,0.0,-0.003923,0.5116
2026-06-08T05:14:33.127442+00:00Z,gate,bybit,ASTSUSDT,0.5077,93.3,93.77,0.003923,0.0,-0.003923,0.5116
2026-06-08T05:15:55.208017+00:00Z,bybit,mexc,CLOUSDT,0.9502,0.18207,0.1838,9.8e-05,5e-05,-4.8e-05,0.9503
2026-06-08T05:15:55.208017+00:00Z,gate,mexc,CLOUSDT,0.7786,0.18238,0.1838,0.0001,5e-05,-5e-05,0.7787
2026-06-08T05:15:57.223627+00:00Z,gate,mexc,CLOUSDT,0.5471,0.1828,0.1838,0.0001,5e-05,-5e-05,0.5471
2026-06-08T05:15:57.223627+00:00Z,gate,bybit,ASTSUSDT,0.5079,93.25,93.72,0.003919,0.0,-0.003919,0.5119
2026-06-08T05:15:59.250495+00:00Z,bybit,mexc,CLOUSDT,0.5636,0.18277,0.1838,9.8e-05,5e-05,-4.8e-05,0.5636
2026-06-08T05:15:59.250495+00:00Z,gate,bybit,ASTSUSDT,0.5079,93.25,93.72,0.003919,0.0,-0.003919,0.5119
2026-06-08T05:16:01.266743+00:00Z,bybit,mexc,CLOUSDT,0.5636,0.18277,0.1838,9.8e-05,5e-05,-4.8e-05,0.5636
2026-06-08T05:16:05.284349+00:00Z,gate,bybit,ASTSUSDT,0.5079,93.25,93.72,0.003919,0.0,-0.003919,0.5119
2026-06-08T05:16:25.318515+00:00Z,gate,bybit,ASTSUSDT,0.5079,93.25,93.72,0.003916,0.0,-0.003916,0.5119
2026-06-08T05:24:16.077860+00:00Z,mexc,bybit,CLOUSDT,0.8996,0.1756,0.17718,5e-05,0.000236,0.000186,0.8994
2026-06-08T05:24:16.077860+00:00Z,mexc,gate,CLOUSDT,0.7801,0.1756,0.17697,5e-05,0.0001,5e-05,0.7801
2026-06-08T05:24:18.096504+00:00Z,mexc,gate,CLOUSDT,0.894,0.1756,0.17717,5e-05,0.0001,5e-05,0.894
2026-06-08T05:24:18.096504+00:00Z,mexc,bybit,CLOUSDT,0.6889,0.1756,0.17681,5e-05,0.000236,0.000186,0.6887
2026-06-08T05:24:20.111938+00:00Z,mexc,gate,CLOUSDT,0.9965,0.1756,0.17735,5e-05,0.0001,5e-05,0.9965
2026-06-08T05:24:20.111938+00:00Z,mexc,bybit,CLOUSDT,0.8597,0.1756,0.17711,5e-05,0.000236,0.000186,0.8595
2026-06-08T05:24:22.128106+00:00Z,mexc,gate,CLOUSDT,0.9965,0.1756,0.17735,5e-05,0.0001,5e-05,0.9965
2026-06-08T05:24:22.128106+00:00Z,mexc,bybit,CLOUSDT,0.9224,0.1756,0.17722,5e-05,0.000236,0.000186,0.9222
2026-06-08T05:24:24.164638+00:00Z,mexc,gate,CLOUSDT,1.0193,0.1756,0.17739,5e-05,0.0001,5e-05,1.0193
2026-06-08T05:24:24.164638+00:00Z,mexc,bybit,CLOUSDT,0.6376,0.1756,0.17672,5e-05,0.000236,0.000186,0.6374
2026-06-08T05:24:26.181615+00:00Z,mexc,gate,CLOUSDT,1.0193,0.1756,0.17739,5e-05,0.0001,5e-05,1.0193
2026-06-08T05:24:26.181615+00:00Z,mexc,bybit,CLOUSDT,0.8768,0.1756,0.17714,5e-05,0.000236,0.000186,0.8766
2026-06-08T05:24:28.202394+00:00Z,mexc,gate,CLOUSDT,0.9111,0.1756,0.1772,5e-05,0.0001,5e-05,0.9111
2026-06-08T05:24:28.202394+00:00Z,mexc,bybit,CLOUSDT,0.7971,0.1756,0.177,5e-05,0.000236,0.000186,0.7969
2026-06-08T05:24:30.218197+00:00Z,mexc,gate,CLOUSDT,0.9168,0.1756,0.17721,5e-05,0.0001,5e-05,0.9168
2026-06-08T05:24:30.218197+00:00Z,mexc,bybit,CLOUSDT,0.7971,0.1756,0.177,5e-05,0.000236,0.000186,0.7969
2026-06-08T05:24:32.238694+00:00Z,mexc,gate,CLOUSDT,0.9168,0.1756,0.17721,5e-05,0.0001,5e-05,0.9168
2026-06-08T05:24:32.238694+00:00Z,mexc,bybit,CLOUSDT,0.8768,0.1756,0.17714,5e-05,0.000236,0.000186,0.8766
2026-06-08T05:24:34.254689+00:00Z,mexc,gate,CLOUSDT,0.9851,0.1756,0.17733,5e-05,0.0001,5e-05,0.9851
2026-06-08T05:24:34.254689+00:00Z,mexc,bybit,CLOUSDT,0.7914,0.1756,0.17699,5e-05,0.000236,0.000186,0.7912
2026-06-08T05:24:36.270793+00:00Z,mexc,gate,CLOUSDT,0.9851,0.1756,0.17733,5e-05,0.0001,5e-05,0.9851
2026-06-08T05:24:36.270793+00:00Z,mexc,bybit,CLOUSDT,0.9622,0.1756,0.17729,5e-05,0.000236,0.000186,0.962
2026-06-08T05:24:38.287727+00:00Z,mexc,gate,CLOUSDT,1.0535,0.1756,0.17745,5e-05,0.0001,5e-05,1.0534
2026-06-08T05:24:38.287727+00:00Z,mexc,bybit,CLOUSDT,0.8256,0.1756,0.17705,5e-05,0.000236,0.000186,0.8254
2026-06-08T05:24:40.340491+00:00Z,mexc,gate,CLOUSDT,1.0592,0.1756,0.17746,5e-05,0.0001,5e-05,1.0591
2026-06-08T05:24:40.340491+00:00Z,mexc,bybit,CLOUSDT,0.9338,0.1756,0.17724,5e-05,0.000236,0.000186,0.9336
2026-06-08T05:24:42.343492+00:00Z,mexc,gate,CLOUSDT,1.0592,0.1756,0.17746,5e-05,0.0001,5e-05,1.0591
2026-06-08T05:24:42.343492+00:00Z,mexc,bybit,CLOUSDT,0.8939,0.1756,0.17717,5e-05,0.000236,0.000186,0.8937
2026-06-08T05:24:44.358945+00:00Z,mexc,gate,CLOUSDT,1.0592,0.1756,0.17746,5e-05,0.0001,5e-05,1.0591
2026-06-08T05:24:44.358945+00:00Z,mexc,bybit,CLOUSDT,0.7914,0.1756,0.17699,5e-05,0.000236,0.000186,0.7912
2026-06-08T05:24:46.367795+00:00Z,mexc,bybit,CLOUSDT,1.0306,0.1756,0.17741,5e-05,0.000236,0.000186,1.0304
2026-06-08T05:24:46.367795+00:00Z,mexc,gate,CLOUSDT,0.9339,0.1756,0.17724,5e-05,0.0001,5e-05,0.9338
2026-06-08T05:24:48.385121+00:00Z,mexc,bybit,CLOUSDT,0.9964,0.1756,0.17735,5e-05,0.000236,0.000186,0.9962
2026-06-08T05:24:48.385121+00:00Z,mexc,gate,CLOUSDT,0.9282,0.1756,0.17723,5e-05,0.0001,5e-05,0.9281
2026-06-08T05:26:18.492238+00:00Z,gate,mexc,CLOUSDT,0.6254,0.1759,0.177,0.0001,5e-05,-5e-05,0.6255
2026-06-08T05:26:18.492238+00:00Z,bybit,mexc,CLOUSDT,0.5284,0.17607,0.177,0.000251,5e-05,-0.000201,0.5286
2026-06-08T05:26:20.495458+00:00Z,gate,mexc,CLOUSDT,0.6483,0.17586,0.177,0.0001,5e-05,-5e-05,0.6483
2026-06-08T05:26:22.497582+00:00Z,gate,mexc,CLOUSDT,0.7113,0.17575,0.177,0.0001,5e-05,-5e-05,0.7113
2026-06-08T05:26:22.497582+00:00Z,bybit,mexc,CLOUSDT,0.6599,0.17584,0.177,0.000251,5e-05,-0.000201,0.6601
2026-06-08T05:26:24.511786+00:00Z,gate,mexc,CLOUSDT,0.6311,0.17589,0.177,0.0001,5e-05,-5e-05,0.6312
2026-06-08T05:26:24.511786+00:00Z,bybit,mexc,CLOUSDT,0.5341,0.17606,0.177,0.000251,5e-05,-0.000201,0.5343
2026-06-08T05:34:11.351338+00:00Z,mexc,bybit,CLOUSDT,0.8523,0.1748,0.17629,5e-05,0.000192,0.000142,0.8521
2026-06-08T05:34:11.351338+00:00Z,mexc,gate,CLOUSDT,0.778,0.1748,0.17616,5e-05,0.0001,5e-05,0.7779
2026-06-08T05:41:16.084095+00:00Z,bybit,mexc,ASRUSDT,0.6263,0.9739,0.98,5e-05,5e-05,0.0,0.6263
2026-06-08T05:41:18.099039+00:00Z,bybit,mexc,ASRUSDT,0.5128,0.975,0.98,5e-05,5e-05,0.0,0.5128
2026-06-08T05:41:20.102948+00:00Z,bybit,mexc,ASRUSDT,0.647,0.9737,0.98,5e-05,5e-05,0.0,0.647
2026-06-08T05:41:20.102948+00:00Z,gate,mexc,ASRUSDT,0.5128,0.975,0.98,5e-05,5e-05,0.0,0.5128
2026-06-08T05:41:22.120099+00:00Z,gate,mexc,ASRUSDT,0.616,0.974,0.98,5e-05,5e-05,0.0,0.616
2026-06-08T05:41:22.120099+00:00Z,bybit,mexc,ASRUSDT,0.5128,0.975,0.98,5e-05,5e-05,0.0,0.5128
2026-06-08T05:41:24.129134+00:00Z,bybit,mexc,ASRUSDT,0.8853,0.9714,0.98,5e-05,5e-05,0.0,0.8853
2026-06-08T05:41:24.129134+00:00Z,gate,mexc,ASRUSDT,0.7194,0.973,0.98,5e-05,5e-05,0.0,0.7194
2026-06-08T05:41:26.145050+00:00Z,bybit,mexc,ASRUSDT,0.9061,0.9712,0.98,5e-05,5e-05,0.0,0.9061
2026-06-08T05:41:26.145050+00:00Z,gate,mexc,ASRUSDT,0.7194,0.973,0.98,5e-05,5e-05,0.0,0.7194
2026-06-08T05:41:28.160629+00:00Z,gate,mexc,ASRUSDT,0.7194,0.973,0.98,5e-05,5e-05,0.0,0.7194
2026-06-08T05:41:28.160629+00:00Z,bybit,mexc,ASRUSDT,0.5231,0.9749,0.98,5e-05,5e-05,0.0,0.5231
2026-06-08T05:41:30.179339+00:00Z,gate,mexc,ASRUSDT,1.0309,0.97,0.98,5e-05,5e-05,0.0,1.0309
2026-06-08T05:41:30.179339+00:00Z,bybit,mexc,ASRUSDT,0.8023,0.9722,0.98,5e-05,5e-05,0.0,0.8023
2026-06-08T05:41:32.197700+00:00Z,bybit,mexc,ASRUSDT,1.1979,0.9684,0.98,5e-05,5e-05,0.0,1.1979
2026-06-08T05:41:32.197700+00:00Z,gate,mexc,ASRUSDT,1.1352,0.969,0.98,5e-05,5e-05,0.0,1.1352
2026-06-08T05:41:34.217123+00:00Z,bybit,mexc,ASRUSDT,1.3444,0.967,0.98,5e-05,5e-05,0.0,1.3444
2026-06-08T05:41:34.217123+00:00Z,gate,mexc,ASRUSDT,1.0309,0.97,0.98,5e-05,5e-05,0.0,1.0309
2026-06-08T05:41:36.232687+00:00Z,bybit,mexc,ASRUSDT,1.4913,0.9656,0.98,5e-05,5e-05,0.0,1.4913
2026-06-08T05:41:36.232687+00:00Z,gate,mexc,ASRUSDT,1.3444,0.967,0.98,5e-05,5e-05,0.0,1.3444
2026-06-08T05:41:38.267668+00:00Z,bybit,mexc,ASRUSDT,1.5334,0.9652,0.98,5e-05,5e-05,0.0,1.5334
2026-06-08T05:41:38.267668+00:00Z,gate,mexc,ASRUSDT,1.3444,0.967,0.98,5e-05,5e-05,0.0,1.3444
2026-06-08T05:41:38.267668+00:00Z,mexc,gate,CLOUSDT,0.735,0.1755,0.17679,5e-05,0.0001,5e-05,0.7349
2026-06-08T05:41:38.267668+00:00Z,mexc,bybit,CLOUSDT,0.5698,0.1755,0.1765,5e-05,9.8e-05,4.8e-05,0.5697
2026-06-08T05:41:40.333870+00:00Z,bybit,mexc,ASRUSDT,1.8499,0.9622,0.98,5e-05,5e-05,0.0,1.8499
2026-06-08T05:41:40.333870+00:00Z,gate,mexc,ASRUSDT,1.5544,0.965,0.98,5e-05,5e-05,0.0,1.5544
2026-06-08T05:41:40.333870+00:00Z,mexc,bybit,CLOUSDT,0.7578,0.1755,0.17683,5e-05,9.8e-05,4.8e-05,0.7577
2026-06-08T05:41:40.333870+00:00Z,mexc,gate,CLOUSDT,0.735,0.1755,0.17679,5e-05,0.0001,5e-05,0.7349
2026-06-08T05:41:42.356017+00:00Z,bybit,mexc,ASRUSDT,1.6808,0.9638,0.98,5e-05,5e-05,0.0,1.6808
2026-06-08T05:41:42.356017+00:00Z,gate,mexc,ASRUSDT,1.6598,0.964,0.98,5e-05,5e-05,0.0,1.6598
2026-06-08T05:41:42.356017+00:00Z,mexc,gate,CLOUSDT,0.5754,0.1755,0.17651,5e-05,0.0001,5e-05,0.5754
2026-06-08T05:41:42.356017+00:00Z,mexc,bybit,CLOUSDT,0.5014,0.1755,0.17638,5e-05,9.8e-05,4.8e-05,0.5013
2026-06-08T05:41:44.377468+00:00Z,bybit,mexc,ASRUSDT,1.8711,0.962,0.98,5e-05,5e-05,0.0,1.8711
2026-06-08T05:41:44.377468+00:00Z,gate,mexc,ASRUSDT,1.6598,0.964,0.98,5e-05,5e-05,0.0,1.6598
2026-06-08T05:41:44.377468+00:00Z,mexc,bybit,CLOUSDT,0.7008,0.1755,0.17673,5e-05,9.8e-05,4.8e-05,0.7008
2026-06-08T05:41:44.377468+00:00Z,mexc,gate,CLOUSDT,0.6723,0.1755,0.17668,5e-05,0.0001,5e-05,0.6723
2026-06-08T05:41:46.394627+00:00Z,bybit,mexc,ASRUSDT,1.7865,0.9628,0.98,5e-05,5e-05,0.0,1.7865
2026-06-08T05:41:46.394627+00:00Z,gate,mexc,ASRUSDT,1.6598,0.964,0.98,5e-05,5e-05,0.0,1.6598
2026-06-08T05:41:46.394627+00:00Z,mexc,gate,CLOUSDT,0.5413,0.1755,0.17645,5e-05,0.0001,5e-05,0.5412
2026-06-08T05:41:48.411499+00:00Z,bybit,mexc,ASRUSDT,1.8711,0.962,0.98,5e-05,5e-05,0.0,1.8711
2026-06-08T05:41:48.411499+00:00Z,gate,mexc,ASRUSDT,1.6598,0.964,0.98,5e-05,5e-05,0.0,1.6598
2026-06-08T05:41:50.432204+00:00Z,bybit,mexc,ASRUSDT,1.8711,0.962,0.98,5e-05,5e-05,0.0,1.8711
2026-06-08T05:41:50.432204+00:00Z,gate,mexc,ASRUSDT,1.6598,0.964,0.98,5e-05,5e-05,0.0,1.6598
2026-06-08T05:41:52.449690+00:00Z,bybit,mexc,ASRUSDT,1.8288,0.9624,0.98,5e-05,5e-05,0.0,1.8288
2026-06-08T05:41:52.449690+00:00Z,gate,mexc,ASRUSDT,1.5544,0.965,0.98,5e-05,5e-05,0.0,1.5544
2026-06-08T05:41:54.465959+00:00Z,bybit,mexc,ASRUSDT,2.3285,0.9577,0.98,5e-05,5e-05,0.0,2.3285
2026-06-08T05:41:54.465959+00:00Z,gate,mexc,ASRUSDT,2.0833,0.96,0.98,5e-05,5e-05,0.0,2.0833
2026-06-08T05:41:56.483899+00:00Z,bybit,mexc,ASRUSDT,2.0833,0.96,0.98,5e-05,5e-05,0.0,2.0833
2026-06-08T05:41:56.483899+00:00Z,gate,mexc,ASRUSDT,2.0833,0.96,0.98,5e-05,5e-05,0.0,2.0833
2026-06-08T05:41:58.499215+00:00Z,bybit,mexc,ASRUSDT,2.3499,0.9575,0.98,5e-05,5e-05,0.0,2.3499
2026-06-08T05:41:58.499215+00:00Z,gate,mexc,ASRUSDT,2.0833,0.96,0.98,5e-05,5e-05,0.0,2.0833
2026-06-08T05:42:00.516149+00:00Z,gate,mexc,ASRUSDT,1.6598,0.964,0.98,5e-05,5e-05,0.0,1.6598
2026-06-08T05:42:00.516149+00:00Z,bybit,mexc,ASRUSDT,1.1352,0.969,0.98,5e-05,5e-05,0.0,1.1352
2026-06-08T05:42:02.531778+00:00Z,bybit,mexc,ASRUSDT,1.9029,0.9617,0.98,5e-05,5e-05,0.0,1.9029
2026-06-08T05:42:02.531778+00:00Z,gate,mexc,ASRUSDT,1.7653,0.963,0.98,5e-05,5e-05,0.0,1.7653
2026-06-08T05:42:04.548547+00:00Z,bybit,mexc,ASRUSDT,1.8711,0.962,0.98,5e-05,5e-05,0.0,1.8711
2026-06-08T05:42:04.548547+00:00Z,gate,mexc,ASRUSDT,1.7653,0.963,0.98,5e-05,5e-05,0.0,1.7653
2026-06-08T05:42:06.559400+00:00Z,bybit,mexc,ASRUSDT,1.7653,0.963,0.98,5e-05,5e-05,0.0,1.7653
2026-06-08T05:42:06.559400+00:00Z,gate,mexc,ASRUSDT,1.7653,0.963,0.98,5e-05,5e-05,0.0,1.7653
2026-06-08T05:42:08.575871+00:00Z,bybit,mexc,ASRUSDT,2.952,0.9519,0.98,5e-05,5e-05,0.0,2.952
2026-06-08T05:42:08.575871+00:00Z,gate,mexc,ASRUSDT,2.7254,0.954,0.98,5e-05,5e-05,0.0,2.7254
2026-06-08T05:42:10.579494+00:00Z,bybit,mexc,ASRUSDT,2.952,0.9519,0.98,5e-05,5e-05,0.0,2.952
2026-06-08T05:42:10.579494+00:00Z,gate,mexc,ASRUSDT,2.6178,0.955,0.98,5e-05,5e-05,0.0,2.6178
2026-06-08T05:42:12.582187+00:00Z,gate,mexc,ASRUSDT,2.6178,0.955,0.98,5e-05,5e-05,0.0,2.6178
2026-06-08T05:42:12.582187+00:00Z,bybit,mexc,ASRUSDT,2.5641,0.9555,0.98,5e-05,5e-05,0.0,2.5641
2026-06-08T05:42:12.582187+00:00Z,mexc,gate,VELVETUSDT,0.8086,0.26342,0.26555,5e-05,5e-05,0.0,0.8086
2026-06-08T05:42:14.590699+00:00Z,bybit,mexc,ASRUSDT,2.6178,0.955,0.98,5e-05,5e-05,0.0,2.6178
2026-06-08T05:42:14.590699+00:00Z,gate,mexc,ASRUSDT,2.4033,0.957,0.98,5e-05,5e-05,0.0,2.4033
2026-06-08T05:42:14.590699+00:00Z,mexc,gate,VELVETUSDT,0.6226,0.26342,0.26506,5e-05,5e-05,0.0,0.6226
2026-06-08T05:42:16.610909+00:00Z,bybit,mexc,ASRUSDT,2.6178,0.955,0.98,5e-05,5e-05,0.0,2.6178
2026-06-08T05:42:16.610909+00:00Z,gate,mexc,ASRUSDT,2.4033,0.957,0.98,5e-05,5e-05,0.0,2.4033
2026-06-08T05:42:16.610909+00:00Z,mexc,gate,VELVETUSDT,0.5694,0.26342,0.26492,5e-05,5e-05,0.0,0.5694
2026-06-08T05:42:18.632660+00:00Z,gate,mexc,ASRUSDT,1.9771,0.961,0.98,5e-05,5e-05,0.0,1.9771
2026-06-08T05:42:18.632660+00:00Z,bybit,mexc,ASRUSDT,1.9241,0.9615,0.98,5e-05,5e-05,0.0,1.9241
2026-06-08T05:42:18.632660+00:00Z,mexc,gate,VELVETUSDT,0.615,0.26342,0.26504,5e-05,5e-05,0.0,0.615
2026-06-08T05:42:20.668166+00:00Z,gate,mexc,ASRUSDT,1.8711,0.962,0.98,5e-05,5e-05,0.0,1.8711
2026-06-08T05:42:20.668166+00:00Z,bybit,mexc,ASRUSDT,1.5544,0.965,0.98,5e-05,5e-05,0.0,1.5544
2026-06-08T05:42:20.668166+00:00Z,mexc,gate,VELVETUSDT,0.5694,0.26342,0.26492,5e-05,5e-05,0.0,0.5694
2026-06-08T05:42:22.709789+00:00Z,bybit,mexc,ASRUSDT,2.79,0.9534,0.98,5e-05,5e-05,0.0,2.79
2026-06-08T05:42:22.709789+00:00Z,gate,mexc,ASRUSDT,2.6178,0.955,0.98,5e-05,5e-05,0.0,2.6178
2026-06-08T05:42:24.716778+00:00Z,gate,mexc,ASRUSDT,2.6178,0.955,0.98,5e-05,5e-05,0.0,2.6178
2026-06-08T05:42:24.716778+00:00Z,bybit,mexc,ASRUSDT,1.8288,0.9624,0.98,5e-05,5e-05,0.0,1.8288
2026-06-08T05:42:26.758197+00:00Z,bybit,mexc,ASRUSDT,2.6285,0.9549,0.98,5e-05,5e-05,0.0,2.6285
2026-06-08T05:42:26.758197+00:00Z,gate,mexc,ASRUSDT,2.4033,0.957,0.98,5e-05,5e-05,0.0,2.4033
2026-06-08T05:42:28.797646+00:00Z,gate,mexc,ASRUSDT,2.4033,0.957,0.98,5e-05,5e-05,0.0,2.4033
2026-06-08T05:42:28.797646+00:00Z,bybit,mexc,ASRUSDT,2.3926,0.9571,0.98,5e-05,5e-05,0.0,2.3926
2026-06-08T05:42:30.817006+00:00Z,bybit,mexc,ASRUSDT,2.6393,0.9548,0.98,5e-05,5e-05,0.0,2.6393
2026-06-08T05:42:30.817006+00:00Z,gate,mexc,ASRUSDT,2.4033,0.957,0.98,5e-05,5e-05,0.0,2.4033
2026-06-08T05:42:32.832703+00:00Z,bybit,mexc,ASRUSDT,2.3499,0.9575,0.98,5e-05,5e-05,0.0,2.3499
2026-06-08T05:42:32.832703+00:00Z,gate,mexc,ASRUSDT,2.0833,0.96,0.98,5e-05,5e-05,0.0,2.0833
2026-06-08T05:42:34.851530+00:00Z,bybit,mexc,ASRUSDT,2.8116,0.9532,0.98,5e-05,5e-05,0.0,2.8116
2026-06-08T05:42:34.851530+00:00Z,gate,mexc,ASRUSDT,2.5105,0.956,0.98,5e-05,5e-05,0.0,2.5105
2026-06-08T05:42:36.866717+00:00Z,bybit,mexc,ASRUSDT,2.8116,0.9532,0.98,5e-05,5e-05,0.0,2.8116
2026-06-08T05:42:36.866717+00:00Z,gate,mexc,ASRUSDT,2.6178,0.955,0.98,5e-05,5e-05,0.0,2.6178
2026-06-08T05:42:38.884230+00:00Z,bybit,mexc,ASRUSDT,2.7469,0.9538,0.98,5e-05,5e-05,0.0,2.7469
2026-06-08T05:42:38.884230+00:00Z,gate,mexc,ASRUSDT,2.5105,0.956,0.98,5e-05,5e-05,0.0,2.5105
2026-06-08T05:42:40.900708+00:00Z,bybit,mexc,ASRUSDT,2.7469,0.9538,0.98,5e-05,5e-05,0.0,2.7469
2026-06-08T05:42:40.900708+00:00Z,gate,mexc,ASRUSDT,2.5105,0.956,0.98,5e-05,5e-05,0.0,2.5105
2026-06-08T05:42:42.919763+00:00Z,bybit,mexc,ASRUSDT,2.8979,0.9524,0.98,5e-05,5e-05,0.0,2.8979
2026-06-08T05:42:42.919763+00:00Z,gate,mexc,ASRUSDT,2.7254,0.954,0.98,5e-05,5e-05,0.0,2.7254
2026-06-08T05:42:44.956205+00:00Z,bybit,mexc,ASRUSDT,2.9196,0.9522,0.98,5e-05,5e-05,0.0,2.9196
2026-06-08T05:42:44.956205+00:00Z,gate,mexc,ASRUSDT,2.7254,0.954,0.98,5e-05,5e-05,0.0,2.7254
2026-06-08T05:42:46.991553+00:00Z,bybit,mexc,ASRUSDT,2.8979,0.9524,0.98,5e-05,5e-05,0.0,2.8979
2026-06-08T05:42:46.991553+00:00Z,gate,mexc,ASRUSDT,2.7254,0.954,0.98,5e-05,5e-05,0.0,2.7254
2026-06-08T05:42:49.008255+00:00Z,bybit,mexc,ASRUSDT,2.7685,0.9536,0.98,5e-05,5e-05,0.0,2.7685
2026-06-08T05:42:49.008255+00:00Z,gate,mexc,ASRUSDT,2.5105,0.956,0.98,5e-05,5e-05,0.0,2.5105
2026-06-08T05:42:51.162545+00:00Z,bybit,mexc,ASRUSDT,2.5748,0.9554,0.98,5e-05,5e-05,0.0,2.5748
2026-06-08T05:42:51.162545+00:00Z,gate,mexc,ASRUSDT,2.5105,0.956,0.98,5e-05,5e-05,0.0,2.5105
2026-06-08T05:42:53.179151+00:00Z,bybit,mexc,ASRUSDT,2.4569,0.9565,0.98,5e-05,5e-05,0.0,2.4569
2026-06-08T05:42:53.179151+00:00Z,gate,mexc,ASRUSDT,2.4033,0.957,0.98,5e-05,5e-05,0.0,2.4033
2026-06-08T05:42:55.209715+00:00Z,bybit,mexc,ASRUSDT,2.2004,0.9589,0.98,5e-05,5e-05,0.0,2.2004
2026-06-08T05:42:55.209715+00:00Z,gate,mexc,ASRUSDT,2.0833,0.96,0.98,5e-05,5e-05,0.0,2.0833
2026-06-08T05:42:57.217664+00:00Z,bybit,mexc,ASRUSDT,2.2111,0.9588,0.98,5e-05,5e-05,0.0,2.2111
2026-06-08T05:42:57.217664+00:00Z,gate,mexc,ASRUSDT,1.9771,0.961,0.98,5e-05,5e-05,0.0,1.9771
2026-06-08T05:42:59.234226+00:00Z,bybit,mexc,ASRUSDT,2.2111,0.9588,0.98,5e-05,5e-05,0.0,2.2111
2026-06-08T05:42:59.234226+00:00Z,gate,mexc,ASRUSDT,1.9771,0.961,0.98,5e-05,5e-05,0.0,1.9771
2026-06-08T05:43:01.252380+00:00Z,gate,mexc,ASRUSDT,1.8711,0.962,0.98,5e-05,5e-05,0.0,1.8711
2026-06-08T05:43:01.252380+00:00Z,bybit,mexc,ASRUSDT,1.2397,0.968,0.98,5e-05,5e-05,0.0,1.2397
2026-06-08T05:43:03.269848+00:00Z,gate,mexc,ASRUSDT,1.7653,0.963,0.98,5e-05,5e-05,0.0,1.7653
2026-06-08T05:43:03.269848+00:00Z,bybit,mexc,ASRUSDT,1.292,0.9675,0.98,5e-05,5e-05,0.0,1.292
2026-06-08T05:43:05.286082+00:00Z,gate,mexc,ASRUSDT,1.7653,0.963,0.98,5e-05,5e-05,0.0,1.7653
2026-06-08T05:43:05.286082+00:00Z,bybit,mexc,ASRUSDT,1.6808,0.9638,0.98,5e-05,5e-05,0.0,1.6808
2026-06-08T05:43:07.302594+00:00Z,gate,mexc,ASRUSDT,1.7653,0.963,0.98,5e-05,5e-05,0.0,1.7653
2026-06-08T05:43:07.302594+00:00Z,bybit,mexc,ASRUSDT,1.6808,0.9638,0.98,5e-05,5e-05,0.0,1.6808
2026-06-08T05:52:00.187111+00:00Z,gate,bybit,ASTSUSDT,0.5039,91.9,92.36,0.003367,0.0,-0.003367,0.5073
2026-06-08T05:55:58.852254+00:00Z,gate,mexc,ASRUSDT,0.5193,0.963,0.968,0.000109,5e-05,-5.9e-05,0.5193
2026-06-08T05:56:00.867427+00:00Z,gate,mexc,ASRUSDT,0.5193,0.963,0.968,0.000109,5e-05,-5.9e-05,0.5193
2026-06-08T06:00:13.305906+00:00Z,gate,mexc,CLOUSDT,0.9148,0.16945,0.171,0.0001,5e-05,-5e-05,0.9148
2026-06-08T06:00:13.305906+00:00Z,bybit,mexc,CLOUSDT,0.79,0.16966,0.171,0.000217,5e-05,-0.000167,0.7901
2026-06-08T06:00:15.321361+00:00Z,gate,mexc,CLOUSDT,0.8077,0.16963,0.171,0.0001,5e-05,-5e-05,0.8077
2026-06-08T06:00:15.321361+00:00Z,bybit,mexc,CLOUSDT,0.7247,0.16977,0.171,0.000217,5e-05,-0.000167,0.7248
2026-06-08T06:00:17.337216+00:00Z,gate,mexc,CLOUSDT,1.7192,0.16811,0.171,0.0001,5e-05,-5e-05,1.7192
2026-06-08T06:00:17.337216+00:00Z,bybit,mexc,CLOUSDT,1.6044,0.1683,0.171,0.000217,5e-05,-0.000167,1.6046
2026-06-08T06:00:41.391411+00:00Z,gate,bybit,ASTSUSDT,0.5248,92.03,92.51,0.003183,0.0,-0.003183,0.5279
2026-06-08T06:00:43.405896+00:00Z,gate,bybit,ASTSUSDT,0.5354,92.06,92.55,0.003183,0.0,-0.003183,0.5386
2026-06-08T06:00:45.422981+00:00Z,gate,bybit,ASTSUSDT,0.5029,92.06,92.52,0.003183,0.0,-0.003183,0.506
2026-06-08T06:00:47.439220+00:00Z,gate,bybit,ASTSUSDT,0.5029,92.06,92.52,0.003183,0.0,-0.003183,0.506
2026-06-08T06:00:49.459134+00:00Z,gate,bybit,ASTSUSDT,0.5137,92.06,92.53,0.003183,0.0,-0.003183,0.5169
2026-06-08T06:00:51.473314+00:00Z,gate,bybit,ASTSUSDT,0.5029,92.06,92.52,0.003183,0.0,-0.003183,0.506
2026-06-08T06:02:07.543055+00:00Z,bybit,mexc,CLOUSDT,0.5623,0.16905,0.17,0.000355,5e-05,-0.000305,0.5626
2026-06-08T06:02:07.543055+00:00Z,gate,mexc,CLOUSDT,0.5561,0.16906,0.17,0.0001,5e-05,-5e-05,0.5561
2026-06-08T06:02:17.564526+00:00Z,bybit,mexc,CLOUSDT,0.5266,0.16911,0.17,0.000355,5e-05,-0.000305,0.5269
2026-06-08T06:02:17.564526+00:00Z,gate,mexc,CLOUSDT,0.5204,0.16912,0.17,0.0001,5e-05,-5e-05,0.5204
2026-06-08T06:02:19.567319+00:00Z,gate,mexc,CLOUSDT,0.5799,0.16902,0.17,0.0001,5e-05,-5e-05,0.5799
2026-06-08T06:02:21.582654+00:00Z,gate,mexc,CLOUSDT,0.5026,0.16915,0.17,0.0001,5e-05,-5e-05,0.5026
2026-06-08T06:06:14.003446+00:00Z,mexc,gate,VELVETUSDT,0.686,0.26968,0.27153,9.5e-05,5e-05,-4.5e-05,0.6861
2026-06-08T06:06:16.018453+00:00Z,mexc,gate,VELVETUSDT,0.5043,0.26968,0.27104,9.5e-05,5e-05,-4.5e-05,0.5044
2026-06-08T06:06:18.035081+00:00Z,mexc,gate,VELVETUSDT,0.5711,0.26968,0.27122,9.5e-05,5e-05,-4.5e-05,0.5711
2026-06-08T06:06:20.049838+00:00Z,mexc,gate,VELVETUSDT,0.6564,0.26968,0.27145,9.5e-05,5e-05,-4.5e-05,0.6564
2026-06-08T06:06:22.066575+00:00Z,mexc,gate,VELVETUSDT,0.6564,0.26968,0.27145,9.5e-05,5e-05,-4.5e-05,0.6564
2026-06-08T06:06:24.083545+00:00Z,mexc,gate,VELVETUSDT,0.7639,0.26968,0.27174,9.5e-05,5e-05,-4.5e-05,0.764
2026-06-08T06:06:26.100842+00:00Z,mexc,gate,VELVETUSDT,0.5711,0.26968,0.27122,9.5e-05,5e-05,-4.5e-05,0.5711
2026-06-08T06:06:28.123342+00:00Z,mexc,gate,VELVETUSDT,0.6675,0.26968,0.27148,9.5e-05,5e-05,-4.5e-05,0.6675
2026-06-08T06:06:30.138464+00:00Z,mexc,gate,VELVETUSDT,0.7009,0.26968,0.27157,9.5e-05,5e-05,-4.5e-05,0.7009
2026-06-08T06:06:32.154957+00:00Z,mexc,gate,VELVETUSDT,0.7417,0.26968,0.27168,9.5e-05,5e-05,-4.5e-05,0.7417
2026-06-08T06:06:34.184596+00:00Z,mexc,gate,VELVETUSDT,0.7825,0.26968,0.27179,9.5e-05,5e-05,-4.5e-05,0.7825
2026-06-08T06:06:36.200256+00:00Z,mexc,gate,VELVETUSDT,0.8492,0.26968,0.27197,9.5e-05,5e-05,-4.5e-05,0.8492
2026-06-08T06:06:38.215130+00:00Z,mexc,gate,VELVETUSDT,0.864,0.26968,0.27201,9.5e-05,5e-05,-4.5e-05,0.8641
2026-06-08T06:06:40.240750+00:00Z,mexc,gate,VELVETUSDT,0.801,0.26968,0.27184,9.5e-05,5e-05,-4.5e-05,0.801
2026-06-08T06:06:42.243474+00:00Z,mexc,gate,VELVETUSDT,0.7825,0.26968,0.27179,9.5e-05,5e-05,-4.5e-05,0.7825
2026-06-08T06:06:44.257883+00:00Z,mexc,gate,VELVETUSDT,0.5192,0.26968,0.27108,9.5e-05,5e-05,-4.5e-05,0.5192
2026-06-08T06:06:46.274539+00:00Z,mexc,gate,VELVETUSDT,0.5192,0.26968,0.27108,9.5e-05,5e-05,-4.5e-05,0.5192
2026-06-08T06:09:58.646241+00:00Z,gate,bybit,ASTSUSDT,0.5135,92.06,92.53,0.003006,0.0,-0.003006,0.5165
2026-06-08T06:10:02.662978+00:00Z,gate,bybit,ASTSUSDT,0.5353,92.06,92.55,0.003006,0.0,-0.003006,0.5383
2026-06-08T06:10:06.680916+00:00Z,gate,bybit,ASTSUSDT,0.5353,92.06,92.55,0.003006,0.0,-0.003006,0.5383
2026-06-08T06:10:08.696685+00:00Z,gate,bybit,ASTSUSDT,0.5353,92.06,92.55,0.003006,0.0,-0.003006,0.5383
2026-06-08T06:10:10.721206+00:00Z,gate,bybit,ASTSUSDT,0.5353,92.06,92.55,0.003006,0.0,-0.003006,0.5383
2026-06-08T06:10:12.722967+00:00Z,gate,bybit,ASTSUSDT,0.5353,92.06,92.55,0.003006,0.0,-0.003006,0.5383
2026-06-08T06:10:14.737320+00:00Z,gate,bybit,ASTSUSDT,0.5353,92.06,92.55,0.003006,0.0,-0.003006,0.5383
2026-06-08T06:10:16.741006+00:00Z,gate,bybit,ASTSUSDT,0.5353,92.06,92.55,0.003006,0.0,-0.003006,0.5383
2026-06-08T06:10:18.755301+00:00Z,gate,bybit,ASTSUSDT,0.5353,92.06,92.55,0.003006,0.0,-0.003006,0.5383
2026-06-08T06:10:20.762994+00:00Z,gate,bybit,ASTSUSDT,0.5353,92.06,92.55,0.003006,0.0,-0.003006,0.5383
2026-06-08T06:10:22.778217+00:00Z,gate,bybit,ASTSUSDT,0.5353,92.06,92.55,0.003006,0.0,-0.003006,0.5383
2026-06-08T06:10:24.799974+00:00Z,gate,bybit,ASTSUSDT,0.5352,92.06,92.55,0.002988,0.0,-0.002988,0.5382
2026-06-08T06:10:26.804332+00:00Z,gate,bybit,ASTSUSDT,0.5352,92.06,92.55,0.002988,0.0,-0.002988,0.5382
2026-06-08T06:10:28.821581+00:00Z,gate,bybit,ASTSUSDT,0.5352,92.06,92.55,0.002988,0.0,-0.002988,0.5382
2026-06-08T06:10:30.836274+00:00Z,gate,bybit,ASTSUSDT,0.5352,92.06,92.55,0.002988,0.0,-0.002988,0.5382
2026-06-08T06:10:32.852892+00:00Z,gate,bybit,ASTSUSDT,0.5352,92.06,92.55,0.002988,0.0,-0.002988,0.5382
2026-06-08T06:10:34.869277+00:00Z,gate,bybit,ASTSUSDT,0.5352,92.06,92.55,0.002988,0.0,-0.002988,0.5382
2026-06-08T06:10:36.871359+00:00Z,gate,bybit,ASTSUSDT,0.5352,92.06,92.55,0.002988,0.0,-0.002988,0.5382
2026-06-08T06:10:38.889692+00:00Z,gate,bybit,ASTSUSDT,0.5352,92.06,92.55,0.002988,0.0,-0.002988,0.5382
2026-06-08T06:10:52.901187+00:00Z,gate,bybit,ASTSUSDT,0.5027,92.06,92.52,0.002988,0.0,-0.002988,0.5057
2026-06-08T06:10:54.904008+00:00Z,gate,bybit,ASTSUSDT,0.5244,92.06,92.54,0.002988,0.0,-0.002988,0.5274
2026-06-08T06:10:56.921649+00:00Z,gate,bybit,ASTSUSDT,0.5787,92.06,92.59,0.002988,0.0,-0.002988,0.5817
2026-06-08T06:11:10.941399+00:00Z,gate,mexc,CLOUSDT,0.6,0.17167,0.1727,0.0001,5e-05,-5e-05,0.6001
2026-06-08T06:11:18.966467+00:00Z,gate,mexc,CLOUSDT,0.5866,0.17219,0.1732,0.0001,5e-05,-5e-05,0.5867
2026-06-08T06:11:28.983771+00:00Z,gate,bybit,ASTSUSDT,0.5352,92.06,92.55,0.002969,0.0,-0.002969,0.5382
2026-06-08T06:11:30.989947+00:00Z,gate,bybit,ASTSUSDT,0.5787,92.06,92.59,0.002969,0.0,-0.002969,0.5816
2026-06-08T06:11:33.008084+00:00Z,gate,bybit,ASTSUSDT,0.5787,92.06,92.59,0.002969,0.0,-0.002969,0.5816
2026-06-08T06:11:35.023957+00:00Z,gate,bybit,CLOUSDT,1.2134,0.17219,0.17428,0.0001,0.000455,0.000355,1.2131
2026-06-08T06:11:37.039599+00:00Z,gate,mexc,CLOUSDT,1.3475,0.17218,0.1745,0.0001,5e-05,-5e-05,1.3475
2026-06-08T06:11:37.039599+00:00Z,gate,bybit,CLOUSDT,1.0915,0.17218,0.17406,0.0001,0.000455,0.000355,1.0912
2026-06-08T06:11:39.066344+00:00Z,gate,bybit,CLOUSDT,0.9985,0.1722,0.17392,0.0001,0.000455,0.000355,0.9981
2026-06-08T06:11:39.066344+00:00Z,gate,bybit,ASTSUSDT,0.5461,92.06,92.56,0.002969,0.0,-0.002969,0.5491
2026-06-08T06:11:41.084770+00:00Z,gate,bybit,ASTSUSDT,0.5461,92.06,92.56,0.002969,0.0,-0.002969,0.5491
2026-06-08T06:11:43.101362+00:00Z,gate,bybit,ASTSUSDT,0.5461,92.06,92.56,0.002969,0.0,-0.002969,0.5491
2026-06-08T06:11:45.116206+00:00Z,gate,bybit,ASTSUSDT,0.5461,92.06,92.56,0.002969,0.0,-0.002969,0.5491
2026-06-08T06:11:47.131114+00:00Z,gate,bybit,ASTSUSDT,0.5461,92.06,92.56,0.002969,0.0,-0.002969,0.5491
2026-06-08T06:11:49.145821+00:00Z,gate,bybit,ASTSUSDT,0.5461,92.06,92.56,0.002969,0.0,-0.002969,0.5491
2026-06-08T06:11:51.161433+00:00Z,gate,bybit,ASTSUSDT,0.5461,92.06,92.56,0.002969,0.0,-0.002969,0.5491
2026-06-08T06:11:53.176873+00:00Z,gate,bybit,ASTSUSDT,0.5461,92.06,92.56,0.002969,0.0,-0.002969,0.5491
2026-06-08T06:11:55.192448+00:00Z,gate,bybit,ASTSUSDT,0.5461,92.06,92.56,0.002969,0.0,-0.002969,0.5491
2026-06-08T06:11:57.203972+00:00Z,gate,bybit,ASTSUSDT,0.5461,92.06,92.56,0.002969,0.0,-0.002969,0.5491
2026-06-08T06:11:59.221504+00:00Z,gate,bybit,ASTSUSDT,0.5461,92.06,92.56,0.002969,0.0,-0.002969,0.5491
2026-06-08T06:12:01.241496+00:00Z,gate,bybit,ASTSUSDT,0.5461,92.06,92.56,0.002969,0.0,-0.002969,0.5491
2026-06-08T06:12:03.256385+00:00Z,gate,bybit,ASTSUSDT,0.557,92.06,92.57,0.002969,0.0,-0.002969,0.5599
2026-06-08T06:12:05.271497+00:00Z,gate,bybit,ASTSUSDT,0.557,92.06,92.57,0.002969,0.0,-0.002969,0.5599
2026-06-08T06:12:07.301648+00:00Z,gate,bybit,ASTSUSDT,0.557,92.06,92.57,0.002969,0.0,-0.002969,0.5599
2026-06-08T06:12:11.319538+00:00Z,gate,bybit,ASTSUSDT,0.5244,92.06,92.54,0.002969,0.0,-0.002969,0.5273
2026-06-08T06:12:27.490541+00:00Z,gate,bybit,ASTSUSDT,0.5352,92.06,92.55,0.002951,0.0,-0.002951,0.5382
2026-06-08T06:12:29.505006+00:00Z,gate,bybit,ASTSUSDT,0.5352,92.06,92.55,0.002951,0.0,-0.002951,0.5382
2026-06-08T06:12:31.525082+00:00Z,gate,bybit,ASTSUSDT,0.5352,92.06,92.55,0.002951,0.0,-0.002951,0.5382
2026-06-08T06:12:33.540957+00:00Z,gate,bybit,ASTSUSDT,0.5352,92.06,92.55,0.002951,0.0,-0.002951,0.5382
2026-06-08T06:12:35.557149+00:00Z,gate,bybit,ASTSUSDT,0.5352,92.06,92.55,0.002951,0.0,-0.002951,0.5382
2026-06-08T06:12:37.572668+00:00Z,gate,bybit,ASTSUSDT,0.5352,92.06,92.55,0.002951,0.0,-0.002951,0.5382
2026-06-08T06:12:39.587321+00:00Z,gate,bybit,ASTSUSDT,0.5352,92.06,92.55,0.002951,0.0,-0.002951,0.5382
2026-06-08T06:12:41.601694+00:00Z,gate,bybit,ASTSUSDT,0.5352,92.06,92.55,0.002951,0.0,-0.002951,0.5382
2026-06-08T06:12:43.616685+00:00Z,gate,bybit,ASTSUSDT,0.5352,92.06,92.55,0.002951,0.0,-0.002951,0.5382
2026-06-08T06:12:45.632673+00:00Z,gate,bybit,ASTSUSDT,0.5026,92.06,92.52,0.002951,0.0,-0.002951,0.5056
2026-06-08T06:12:47.646934+00:00Z,gate,bybit,ASTSUSDT,0.5244,92.06,92.54,0.002951,0.0,-0.002951,0.5273
2026-06-08T06:12:49.661792+00:00Z,gate,bybit,ASTSUSDT,0.5244,92.06,92.54,0.002951,0.0,-0.002951,0.5273
2026-06-08T06:12:51.676719+00:00Z,gate,bybit,ASTSUSDT,0.5244,92.06,92.54,0.002951,0.0,-0.002951,0.5273
2026-06-08T06:12:53.684420+00:00Z,gate,bybit,ASTSUSDT,0.5244,92.06,92.54,0.002951,0.0,-0.002951,0.5273
2026-06-08T06:12:55.831342+00:00Z,gate,bybit,ASTSUSDT,0.5244,92.06,92.54,0.002951,0.0,-0.002951,0.5273
2026-06-08T06:12:57.837570+00:00Z,gate,bybit,ASTSUSDT,0.5244,92.06,92.54,0.002951,0.0,-0.002951,0.5273
2026-06-08T06:12:59.851743+00:00Z,gate,bybit,ASTSUSDT,0.5244,92.06,92.54,0.002951,0.0,-0.002951,0.5273
2026-06-08T06:13:01.856635+00:00Z,gate,bybit,ASTSUSDT,0.5244,92.06,92.54,0.002951,0.0,-0.002951,0.5273
2026-06-08T06:13:03.860960+00:00Z,gate,bybit,ASTSUSDT,0.5244,92.06,92.54,0.002951,0.0,-0.002951,0.5273
2026-06-08T06:13:05.881679+00:00Z,gate,bybit,ASTSUSDT,0.5244,92.06,92.54,0.002951,0.0,-0.002951,0.5273
2026-06-08T06:13:07.896876+00:00Z,gate,bybit,ASTSUSDT,0.5244,92.06,92.54,0.002951,0.0,-0.002951,0.5273
2026-06-08T06:13:09.902102+00:00Z,gate,bybit,ASTSUSDT,0.5244,92.06,92.54,0.002951,0.0,-0.002951,0.5273
2026-06-08T06:13:11.917625+00:00Z,gate,bybit,ASTSUSDT,0.5244,92.06,92.54,0.002951,0.0,-0.002951,0.5273
2026-06-08T06:13:13.920597+00:00Z,gate,bybit,ASTSUSDT,0.5244,92.06,92.54,0.002951,0.0,-0.002951,0.5273
2026-06-08T06:13:15.936639+00:00Z,gate,bybit,ASTSUSDT,0.5244,92.06,92.54,0.002951,0.0,-0.002951,0.5273
2026-06-08T06:13:17.951290+00:00Z,gate,bybit,ASTSUSDT,0.5244,92.06,92.54,0.002951,0.0,-0.002951,0.5273
2026-06-08T06:13:19.966284+00:00Z,gate,bybit,ASTSUSDT,0.5244,92.06,92.54,0.002951,0.0,-0.002951,0.5273
2026-06-08T06:13:21.986057+00:00Z,gate,bybit,ASTSUSDT,0.5244,92.06,92.54,0.002951,0.0,-0.002951,0.5273
2026-06-08T06:13:24.002207+00:00Z,gate,bybit,ASTSUSDT,0.5244,92.06,92.54,0.002951,0.0,-0.002951,0.5273
2026-06-08T06:13:26.017876+00:00Z,gate,bybit,ASTSUSDT,0.5243,92.06,92.54,0.002932,0.0,-0.002932,0.5273
2026-06-08T06:13:28.032987+00:00Z,gate,bybit,ASTSUSDT,0.5243,92.06,92.54,0.002932,0.0,-0.002932,0.5273
2026-06-08T06:13:30.048574+00:00Z,gate,bybit,ASTSUSDT,0.5243,92.06,92.54,0.002932,0.0,-0.002932,0.5273
2026-06-08T06:13:32.066461+00:00Z,gate,bybit,ASTSUSDT,0.5243,92.06,92.54,0.002932,0.0,-0.002932,0.5273
2026-06-08T06:13:34.081621+00:00Z,gate,bybit,ASTSUSDT,0.5243,92.06,92.54,0.002932,0.0,-0.002932,0.5273
2026-06-08T06:13:40.098747+00:00Z,gate,bybit,ASTSUSDT,0.5352,92.06,92.55,0.002932,0.0,-0.002932,0.5381
2026-06-08T06:14:06.150276+00:00Z,gate,bybit,ASTSUSDT,0.5135,92.06,92.53,0.002932,0.0,-0.002932,0.5164
2026-06-08T06:14:08.167282+00:00Z,gate,bybit,ASTSUSDT,0.5135,92.06,92.53,0.002932,0.0,-0.002932,0.5164
2026-06-08T06:14:10.182768+00:00Z,gate,bybit,ASTSUSDT,0.5135,92.06,92.53,0.002932,0.0,-0.002932,0.5164
2026-06-08T06:14:12.198672+00:00Z,gate,bybit,ASTSUSDT,0.5135,92.06,92.53,0.002932,0.0,-0.002932,0.5164
2026-06-08T06:14:14.219527+00:00Z,gate,bybit,ASTSUSDT,0.5135,92.06,92.53,0.002932,0.0,-0.002932,0.5164
2026-06-08T06:14:16.241222+00:00Z,gate,bybit,ASTSUSDT,0.5135,92.06,92.53,0.002932,0.0,-0.002932,0.5164
2026-06-08T06:14:18.261895+00:00Z,gate,bybit,ASTSUSDT,0.5135,92.06,92.53,0.002932,0.0,-0.002932,0.5164
2026-06-08T06:14:20.277157+00:00Z,gate,bybit,ASTSUSDT,0.5135,92.06,92.53,0.002932,0.0,-0.002932,0.5164
2026-06-08T06:14:22.282115+00:00Z,gate,bybit,ASTSUSDT,0.5135,92.06,92.53,0.002932,0.0,-0.002932,0.5164
2026-06-08T06:14:24.299398+00:00Z,gate,bybit,ASTSUSDT,0.5135,92.06,92.53,0.002932,0.0,-0.002932,0.5164
2026-06-08T06:14:26.304595+00:00Z,gate,bybit,ASTSUSDT,0.5135,92.06,92.53,0.002914,0.0,-0.002914,0.5164
2026-06-08T06:14:28.320881+00:00Z,gate,bybit,ASTSUSDT,0.5135,92.06,92.53,0.002914,0.0,-0.002914,0.5164
2026-06-08T06:14:30.322853+00:00Z,gate,bybit,ASTSUSDT,0.5135,92.06,92.53,0.002914,0.0,-0.002914,0.5164
2026-06-08T06:14:32.337841+00:00Z,gate,bybit,ASTSUSDT,0.5135,92.06,92.53,0.002914,0.0,-0.002914,0.5164
2026-06-08T06:14:34.356784+00:00Z,gate,bybit,ASTSUSDT,0.5135,92.06,92.53,0.002914,0.0,-0.002914,0.5164
2026-06-08T06:14:36.362501+00:00Z,gate,bybit,ASTSUSDT,0.5135,92.06,92.53,0.002914,0.0,-0.002914,0.5164
2026-06-08T06:14:38.364525+00:00Z,gate,bybit,ASTSUSDT,0.5135,92.06,92.53,0.002914,0.0,-0.002914,0.5164
2026-06-08T06:14:40.380725+00:00Z,gate,bybit,ASTSUSDT,0.5135,92.06,92.53,0.002914,0.0,-0.002914,0.5164
2026-06-08T06:14:42.383207+00:00Z,gate,bybit,ASTSUSDT,0.5135,92.06,92.53,0.002914,0.0,-0.002914,0.5164
2026-06-08T06:14:44.397975+00:00Z,gate,bybit,ASTSUSDT,0.5135,92.06,92.53,0.002914,0.0,-0.002914,0.5164
2026-06-08T06:14:46.416110+00:00Z,gate,bybit,ASTSUSDT,0.5135,92.06,92.53,0.002914,0.0,-0.002914,0.5164
2026-06-08T06:14:48.417983+00:00Z,gate,bybit,ASTSUSDT,0.5135,92.06,92.53,0.002914,0.0,-0.002914,0.5164
2026-06-08T06:14:50.432776+00:00Z,gate,bybit,ASTSUSDT,0.5135,92.06,92.53,0.002914,0.0,-0.002914,0.5164
2026-06-08T06:14:52.449168+00:00Z,gate,bybit,ASTSUSDT,0.5135,92.06,92.53,0.002914,0.0,-0.002914,0.5164
2026-06-08T06:14:54.470822+00:00Z,gate,bybit,ASTSUSDT,0.5135,92.06,92.53,0.002914,0.0,-0.002914,0.5164
2026-06-08T06:14:56.487130+00:00Z,gate,bybit,ASTSUSDT,0.5135,92.06,92.53,0.002914,0.0,-0.002914,0.5164
2026-06-08T06:14:58.504091+00:00Z,gate,bybit,ASTSUSDT,0.5135,92.06,92.53,0.002914,0.0,-0.002914,0.5164
2026-06-08T06:15:02.520250+00:00Z,gate,bybit,ASTSUSDT,0.5243,92.06,92.54,0.002914,0.0,-0.002914,0.5272
2026-06-08T06:15:04.536289+00:00Z,gate,bybit,ASTSUSDT,0.5026,92.06,92.52,0.002914,0.0,-0.002914,0.5055
2026-06-08T06:15:06.548137+00:00Z,gate,bybit,ASTSUSDT,0.5026,92.06,92.52,0.002914,0.0,-0.002914,0.5055
2026-06-08T06:15:08.551743+00:00Z,gate,bybit,ASTSUSDT,0.5026,92.06,92.52,0.002914,0.0,-0.002914,0.5055
2026-06-08T06:15:10.553623+00:00Z,gate,bybit,ASTSUSDT,0.5026,92.06,92.52,0.002914,0.0,-0.002914,0.5055
2026-06-08T06:15:12.555518+00:00Z,gate,bybit,ASTSUSDT,0.5026,92.06,92.52,0.002914,0.0,-0.002914,0.5055
2026-06-08T06:15:14.570349+00:00Z,gate,bybit,ASTSUSDT,0.5026,92.06,92.52,0.002914,0.0,-0.002914,0.5055
2026-06-08T06:15:22.595465+00:00Z,mexc,gate,RLSUSDT,0.8524,0.00293,0.002955,5e-05,0.00086,0.00081,0.8516
